ctime,schemaname,relname,indexrelname,idx_scan,idx_tup_read,idx_tup_fetch,idx_blks_read,idx_blks_hit
1416443816.78375,pg_catalog,pg_statistic,pg_statistic_relid_att_inh_index,24456,23413,23406,277,52993
1416443816.78375,pg_catalog,pg_type,pg_type_typname_nsp_index,2865,2224,2049,733,6957
1416443816.78375,pg_catalog,pg_type,pg_type_oid_index,106307,105997,105997,250,217636
1416443816.78375,pg_toast,pg_toast_2619,pg_toast_2619_index,16754,57625,57625,230,19409
1416443816.78375,pg_toast,pg_toast_1255,pg_toast_1255_index,0,0,0,0,0
1416443816.78375,pg_toast,pg_toast_2604,pg_toast_2604_index,0,0,0,0,0
1416443816.78375,pg_toast,pg_toast_2606,pg_toast_2606_index,0,0,0,0,0
1416443816.78375,pg_toast,pg_toast_2618,pg_toast_2618_index,505,1612,1612,98,718
1416443816.78375,pg_toast,pg_toast_2620,pg_toast_2620_index,0,0,0,0,0
1416443816.78375,pg_toast,pg_toast_2609,pg_toast_2609_index,0,0,0,0,0
1416443816.78375,pg_toast,pg_toast_2964,pg_toast_2964_index,0,0,0,0,0
1416443816.78375,pg_toast,pg_toast_2396,pg_toast_2396_index,0,0,0,0,0
1416443816.78375,pg_toast,pg_toast_3596,pg_toast_3596_index,0,0,0,0,0
1416443816.78375,pg_catalog,pg_authid,pg_authid_oid_index,4624,4624,4624,106,9142
1416443816.78375,pg_catalog,pg_authid,pg_authid_rolname_index,4598,4598,4598,106,9090
1416443816.78375,pg_catalog,pg_largeobject,pg_largeobject_loid_pn_index,0,0,0,0,0
1416443816.78375,pg_catalog,pg_user_mapping,pg_user_mapping_user_server_index,0,0,0,0,0
1416443816.78375,pg_catalog,pg_user_mapping,pg_user_mapping_oid_index,0,0,0,0,0
1416443816.78375,pg_catalog,pg_attribute,pg_attribute_relid_attnum_index,92793,208994,208851,614,192605
1416443816.78375,pg_catalog,pg_attribute,pg_attribute_relid_attnam_index,165,165,165,231,2709
1416443816.78375,pg_catalog,pg_proc,pg_proc_proname_args_nsp_index,5563,25143,25143,911,14513
1416443816.78375,pg_catalog,pg_proc,pg_proc_oid_index,34578,34578,34578,623,72947
1416443816.78375,pg_catalog,pg_attrdef,pg_attrdef_oid_index,0,0,0,0,0
1416443816.78375,pg_catalog,pg_attrdef,pg_attrdef_adrelid_adnum_index,0,0,0,0,0
1416443816.78375,pg_catalog,pg_constraint,pg_constraint_oid_index,48,24,24,8,112
1416443816.78375,pg_catalog,pg_constraint,pg_constraint_contypid_index,0,0,0,6,42
1416443816.78375,pg_catalog,pg_constraint,pg_constraint_conrelid_index,0,0,0,6,42
1416443816.78375,pg_catalog,pg_constraint,pg_constraint_conname_nsp_index,0,0,0,6,42
1416443816.78375,pg_catalog,pg_inherits,pg_inherits_parent_index,0,0,0,0,0
1416443816.78375,pg_catalog,pg_inherits,pg_inherits_relid_seqno_index,147,0,0,77,70
1416443816.78375,pg_catalog,pg_index,pg_index_indexrelid_index,38698,38857,38698,97,43447
1416443816.78375,pg_catalog,pg_index,pg_index_indrelid_index,10579,32300,32300,218,12978
1416443816.78375,pg_catalog,pg_opfamily,pg_opfamily_oid_index,0,0,0,0,0
1416443816.78375,pg_catalog,pg_opfamily,pg_opfamily_am_name_nsp_index,0,0,0,0,0
1416443816.78375,pg_catalog,pg_opclass,pg_opclass_oid_index,23091,23091,23091,98,27713
1416443816.78375,pg_catalog,pg_opclass,pg_opclass_am_name_nsp_index,6946,289084,289084,266,8645
1416443816.78375,pg_catalog,pg_am,pg_am_oid_index,0,0,0,0,0
1416443816.78375,pg_catalog,pg_am,pg_am_name_index,0,0,0,0,0
1416443816.78375,pg_catalog,pg_amop,pg_amop_oid_index,0,0,0,0,0
1416443816.78375,pg_catalog,pg_amop,pg_amop_opr_fam_index,16497,45456,45456,339,35884
1416443816.78375,pg_catalog,pg_amop,pg_amop_fam_strat_index,21736,21736,21736,283,45401
1416443816.78375,pg_catalog,pg_amproc,pg_amproc_oid_index,0,0,0,0,0
1416443816.78375,pg_catalog,pg_amproc,pg_amproc_fam_proc_index,22434,66118,66118,213,49375
1416443816.78375,pg_catalog,pg_language,pg_language_oid_index,0,0,0,0,0
1416443816.78375,pg_catalog,pg_language,pg_language_name_index,0,0,0,0,0
1416443816.78375,pg_catalog,pg_largeobject_metadata,pg_largeobject_metadata_oid_index,0,0,0,0,0
1416443816.78375,pg_catalog,pg_aggregate,pg_aggregate_fnoid_index,2437,2437,2437,358,3892
1416443816.78375,pg_catalog,pg_rewrite,pg_rewrite_rel_rulename_index,933,855,777,162,1435
1416443816.78375,pg_catalog,pg_rewrite,pg_rewrite_oid_index,234,156,156,108,285
1416443816.78375,pg_catalog,pg_trigger,pg_trigger_oid_index,0,0,0,0,0
1416443816.78375,pg_catalog,pg_trigger,pg_trigger_tgrelid_tgname_index,0,0,0,0,0
1416443816.78375,pg_catalog,pg_trigger,pg_trigger_tgconstraint_index,0,0,0,0,0
1416443816.78375,pg_catalog,pg_event_trigger,pg_event_trigger_oid_index,0,0,0,0,0
1416443816.78375,pg_catalog,pg_event_trigger,pg_event_trigger_evtname_index,281,0,0,73,208
1416443816.78375,pg_catalog,pg_description,pg_description_o_c_o_index,663,0,0,219,1254
1416443816.78375,pg_catalog,pg_cast,pg_cast_source_target_index,152903,36454,36454,105,157229
1416443816.78375,pg_catalog,pg_cast,pg_cast_oid_index,0,0,0,0,0
1416443816.78375,pg_catalog,pg_database,pg_database_oid_index,6076,6075,6075,102,10766
1416443816.78375,pg_catalog,pg_database,pg_database_datname_index,9383,9382,9382,99,14064
1416443816.78375,pg_catalog,pg_namespace,pg_namespace_oid_index,9286,9282,9282,164,9499
1416443816.78375,pg_catalog,pg_namespace,pg_namespace_nspname_index,12808,8206,8206,103,17307
1416443816.78375,pg_catalog,pg_conversion,pg_conversion_oid_index,0,0,0,0,0
1416443816.78375,pg_catalog,pg_conversion,pg_conversion_name_nsp_index,0,0,0,0,0
1416443816.78375,pg_catalog,pg_conversion,pg_conversion_default_index,0,0,0,0,0
1416443816.78375,pg_catalog,pg_db_role_setting,pg_db_role_setting_databaseid_rol_index,19164,0,0,44,19120
1416443816.78375,pg_catalog,pg_tablespace,pg_tablespace_spcname_index,0,0,0,9,9
1416443816.78375,pg_catalog,pg_tablespace,pg_tablespace_oid_index,3278,3278,3278,152,6404
1416443816.78375,pg_catalog,pg_pltemplate,pg_pltemplate_name_index,0,0,0,0,0
1416443816.78375,pg_catalog,pg_auth_members,pg_auth_members_member_role_index,0,0,0,0,0
1416443816.78375,pg_catalog,pg_auth_members,pg_auth_members_role_member_index,0,0,0,0,0
1416443816.78375,pg_catalog,pg_shdepend,pg_shdepend_reference_index,152,152,152,144,156
1416443816.78375,pg_catalog,pg_shdepend,pg_shdepend_depender_index,599,0,0,146,591
1416443816.78375,pg_catalog,pg_shdescription,pg_shdescription_o_c_index,0,0,0,0,0
1416443816.78375,pg_catalog,pg_ts_config,pg_ts_config_oid_index,0,0,0,0,0
1416443816.78375,pg_catalog,pg_ts_config,pg_ts_config_cfgname_index,0,0,0,0,0
1416443816.78375,pg_catalog,pg_ts_config_map,pg_ts_config_map_index,0,0,0,0,0
1416443816.78375,pg_catalog,pg_ts_dict,pg_ts_dict_oid_index,0,0,0,0,0
1416443816.78375,pg_catalog,pg_ts_dict,pg_ts_dict_dictname_index,0,0,0,0,0
1416443816.78375,pg_catalog,pg_ts_parser,pg_ts_parser_oid_index,0,0,0,0,0
1416443816.78375,pg_catalog,pg_ts_parser,pg_ts_parser_prsname_index,0,0,0,0,0
1416443816.78375,pg_catalog,pg_ts_template,pg_ts_template_oid_index,0,0,0,0,0
1416443816.78375,pg_catalog,pg_ts_template,pg_ts_template_tmplname_index,0,0,0,0,0
1416443816.78375,pg_catalog,pg_extension,pg_extension_name_index,0,0,0,0,0
1416443816.78375,pg_catalog,pg_extension,pg_extension_oid_index,0,0,0,0,0
1416443816.78375,pg_catalog,pg_foreign_data_wrapper,pg_foreign_data_wrapper_name_index,0,0,0,0,0
1416443816.78375,pg_catalog,pg_foreign_data_wrapper,pg_foreign_data_wrapper_oid_index,0,0,0,0,0
1416443816.78375,pg_catalog,pg_foreign_server,pg_foreign_server_name_index,0,0,0,0,0
1416443816.78375,pg_catalog,pg_foreign_server,pg_foreign_server_oid_index,0,0,0,0,0
1416443816.78375,pg_catalog,pg_foreign_table,pg_foreign_table_relid_index,0,0,0,0,0
1416443816.78375,pg_catalog,pg_rowsecurity,pg_rowsecurity_polname_relid_index,0,0,0,0,0
1416443816.78375,pg_catalog,pg_rowsecurity,pg_rowsecurity_oid_index,0,0,0,0,0
1416443816.78375,pg_catalog,pg_default_acl,pg_default_acl_oid_index,0,0,0,0,0
1416443816.78375,pg_catalog,pg_default_acl,pg_default_acl_role_nsp_obj_index,628,0,0,65,563
1416443816.78375,pg_catalog,pg_seclabel,pg_seclabel_object_index,663,0,0,71,592
1416443816.78375,pg_catalog,pg_shseclabel,pg_shseclabel_object_index,0,0,0,0,0
1416443816.78375,pg_catalog,pg_collation,pg_collation_oid_index,0,0,0,0,0
1416443816.78375,pg_catalog,pg_collation,pg_collation_name_enc_nsp_index,0,0,0,0,0
1416443816.78375,pg_catalog,pg_range,pg_range_rngtypid_index,1095,0,0,346,1844
1416443816.78375,pg_toast,pg_toast_12698,pg_toast_12698_index,0,0,0,0,0
1416443816.78375,pg_toast,pg_toast_12703,pg_toast_12703_index,0,0,0,0,0
1416443816.78375,pg_toast,pg_toast_12708,pg_toast_12708_index,0,0,0,0,0
1416443816.78375,pg_toast,pg_toast_12713,pg_toast_12713_index,0,0,0,0,0
1416443816.78375,pg_toast,pg_toast_12718,pg_toast_12718_index,0,0,0,0,0
1416443816.78375,pg_toast,pg_toast_12723,pg_toast_12723_index,0,0,0,0,0
1416443816.78375,pg_catalog,pg_class,pg_class_tblspc_relfilenode_index,0,0,0,246,886
1416443816.78375,pg_catalog,pg_class,pg_class_relname_nsp_index,17555,9163,9000,430,39856
1416443816.78375,pg_catalog,pg_class,pg_class_oid_index,97391,97111,96730,301,200018
1416443816.78375,pg_catalog,pg_operator,pg_operator_oprname_l_r_n_index,16311,165018,165018,391,35644
1416443816.78375,pg_catalog,pg_operator,pg_operator_oid_index,18883,18883,18883,321,40825
1416443816.78375,pg_catalog,pg_enum,pg_enum_typid_sortorder_index,0,0,0,0,0
1416443816.78375,pg_catalog,pg_enum,pg_enum_typid_label_index,0,0,0,0,0
1416443816.78375,pg_catalog,pg_enum,pg_enum_oid_index,0,0,0,0,0
1416443816.78375,pg_catalog,pg_depend,pg_depend_reference_index,4923,5334,4512,1039,11410
1416443816.78375,pg_catalog,pg_depend,pg_depend_depender_index,1402,2250,2250,535,4868
1416443816.78375,pg_toast,pg_toast_12693,pg_toast_12693_index,0,0,0,0,0
1416443876.78559,pg_catalog,pg_statistic,pg_statistic_relid_att_inh_index,24643,23556,23549,277,53513
1416443876.78559,pg_catalog,pg_type,pg_type_typname_nsp_index,2867,2226,2051,733,6963
1416443876.78559,pg_catalog,pg_type,pg_type_oid_index,106540,106230,106230,250,218138
1416443876.78559,pg_toast,pg_toast_2619,pg_toast_2619_index,16797,57647,57647,230,19630
1416443876.78559,pg_toast,pg_toast_1255,pg_toast_1255_index,0,0,0,0,0
1416443876.78559,pg_toast,pg_toast_2604,pg_toast_2604_index,0,0,0,0,0
1416443876.78559,pg_toast,pg_toast_2606,pg_toast_2606_index,0,0,0,0,0
1416443876.78559,pg_toast,pg_toast_2618,pg_toast_2618_index,510,1628,1628,98,726
1416443876.78559,pg_toast,pg_toast_2620,pg_toast_2620_index,0,0,0,0,0
1416443876.78559,pg_toast,pg_toast_2609,pg_toast_2609_index,0,0,0,0,0
1416443876.78559,pg_toast,pg_toast_2964,pg_toast_2964_index,0,0,0,0,0
1416443876.78559,pg_toast,pg_toast_2396,pg_toast_2396_index,0,0,0,0,0
1416443876.78559,pg_toast,pg_toast_3596,pg_toast_3596_index,0,0,0,0,0
1416443876.78559,public,partsupp,partsupp_ps_suppkey_idx,0,0,0,0,6
1416443876.78559,public,partsupp,pk_partsupp,0,0,0,21936,0
1416443876.78559,public,region,pk_region,0,0,0,1,0
1416443876.78559,pg_catalog,pg_authid,pg_authid_oid_index,4689,4689,4689,108,9270
1416443876.78559,pg_catalog,pg_authid,pg_authid_rolname_index,4662,4662,4662,108,9216
1416443876.78559,pg_catalog,pg_largeobject,pg_largeobject_loid_pn_index,0,0,0,0,0
1416443876.78559,pg_catalog,pg_user_mapping,pg_user_mapping_user_server_index,0,0,0,0,0
1416443876.78559,pg_catalog,pg_user_mapping,pg_user_mapping_oid_index,0,0,0,0,0
1416443876.78559,pg_catalog,pg_attribute,pg_attribute_relid_attnum_index,93608,211146,211003,615,194327
1416443876.78559,pg_catalog,pg_attribute,pg_attribute_relid_attnam_index,188,188,188,231,2822
1416443876.78559,pg_catalog,pg_proc,pg_proc_proname_args_nsp_index,5575,25196,25196,914,14541
1416443876.78559,pg_catalog,pg_proc,pg_proc_oid_index,34658,34658,34658,625,73115
1416443876.78559,pg_catalog,pg_attrdef,pg_attrdef_oid_index,0,0,0,0,0
1416443876.78559,pg_catalog,pg_attrdef,pg_attrdef_adrelid_adnum_index,0,0,0,0,0
1416443876.78559,pg_catalog,pg_constraint,pg_constraint_oid_index,54,24,24,8,130
1416443876.78559,pg_catalog,pg_constraint,pg_constraint_contypid_index,0,0,0,8,52
1416443876.78559,pg_catalog,pg_constraint,pg_constraint_conrelid_index,0,0,0,8,52
1416443876.78559,pg_catalog,pg_constraint,pg_constraint_conname_nsp_index,0,0,0,8,52
1416443876.78559,pg_catalog,pg_inherits,pg_inherits_parent_index,0,0,0,0,0
1416443876.78559,pg_catalog,pg_inherits,pg_inherits_relid_seqno_index,147,0,0,77,70
1416443876.78559,pg_catalog,pg_index,pg_index_indexrelid_index,38995,39182,38995,97,43798
1416443876.78559,pg_catalog,pg_index,pg_index_indrelid_index,10699,32554,32554,218,13144
1416443876.78559,pg_catalog,pg_opfamily,pg_opfamily_oid_index,0,0,0,0,0
1416443876.78559,pg_catalog,pg_opfamily,pg_opfamily_am_name_nsp_index,0,0,0,0,0
1416443876.78559,pg_catalog,pg_opclass,pg_opclass_oid_index,23249,23249,23249,98,27908
1416443876.78559,pg_catalog,pg_opclass,pg_opclass_am_name_nsp_index,7025,292428,292428,266,8751
1416443876.78559,pg_catalog,pg_am,pg_am_oid_index,0,0,0,0,0
1416443876.78559,pg_catalog,pg_am,pg_am_name_index,0,0,0,0,0
1416443876.78559,pg_catalog,pg_amop,pg_amop_oid_index,0,0,0,0,0
1416443876.78559,pg_catalog,pg_amop,pg_amop_opr_fam_index,16540,45553,45553,339,35981
1416443876.78559,pg_catalog,pg_amop,pg_amop_fam_strat_index,21855,21855,21855,284,45649
1416443876.78559,pg_catalog,pg_amproc,pg_amproc_oid_index,0,0,0,0,0
1416443876.78559,pg_catalog,pg_amproc,pg_amproc_fam_proc_index,22585,66395,66395,213,49714
1416443876.78559,pg_catalog,pg_language,pg_language_oid_index,0,0,0,0,0
1416443876.78559,pg_catalog,pg_language,pg_language_name_index,0,0,0,0,0
1416443876.78559,pg_catalog,pg_largeobject_metadata,pg_largeobject_metadata_oid_index,0,0,0,0,0
1416443876.78559,pg_catalog,pg_aggregate,pg_aggregate_fnoid_index,2438,2438,2438,360,3892
1416443876.78559,pg_catalog,pg_rewrite,pg_rewrite_rel_rulename_index,940,862,784,162,1447
1416443876.78559,pg_catalog,pg_rewrite,pg_rewrite_oid_index,234,156,156,108,285
1416443876.78559,pg_catalog,pg_trigger,pg_trigger_oid_index,0,0,0,0,0
1416443876.78559,pg_catalog,pg_trigger,pg_trigger_tgrelid_tgname_index,0,0,0,0,0
1416443876.78559,pg_catalog,pg_trigger,pg_trigger_tgconstraint_index,0,0,0,0,0
1416443876.78559,pg_catalog,pg_event_trigger,pg_event_trigger_oid_index,0,0,0,0,0
1416443876.78559,pg_catalog,pg_event_trigger,pg_event_trigger_evtname_index,298,0,0,73,225
1416443876.78559,pg_catalog,pg_description,pg_description_o_c_o_index,663,0,0,219,1254
1416443876.78559,pg_catalog,pg_cast,pg_cast_source_target_index,154203,36691,36691,105,158558
1416443876.78559,pg_catalog,pg_cast,pg_cast_oid_index,0,0,0,0,0
1416443876.78559,pg_catalog,pg_database,pg_database_oid_index,6156,6155,6155,104,10910
1416443876.78559,pg_catalog,pg_database,pg_database_datname_index,9514,9513,9513,101,14258
1416443876.78559,pg_catalog,pg_namespace,pg_namespace_oid_index,9404,9400,9400,164,9620
1416443876.78559,pg_catalog,pg_namespace,pg_namespace_nspname_index,12881,8245,8245,103,17414
1416443876.78559,pg_catalog,pg_conversion,pg_conversion_oid_index,0,0,0,0,0
1416443876.78559,pg_catalog,pg_conversion,pg_conversion_name_nsp_index,0,0,0,0,0
1416443876.78559,pg_catalog,pg_conversion,pg_conversion_default_index,0,0,0,0,0
1416443876.78559,pg_catalog,pg_db_role_setting,pg_db_role_setting_databaseid_rol_index,19428,0,0,45,19383
1416443876.78559,pg_catalog,pg_tablespace,pg_tablespace_spcname_index,0,0,0,10,10
1416443876.78559,pg_catalog,pg_tablespace,pg_tablespace_oid_index,3285,3285,3285,154,6416
1416443876.78559,pg_catalog,pg_pltemplate,pg_pltemplate_name_index,0,0,0,0,0
1416443876.78559,pg_catalog,pg_auth_members,pg_auth_members_member_role_index,0,0,0,0,0
1416443876.78559,pg_catalog,pg_auth_members,pg_auth_members_role_member_index,0,0,0,0,0
1416443876.78559,pg_catalog,pg_shdepend,pg_shdepend_reference_index,162,162,162,146,174
1416443876.78559,pg_catalog,pg_shdepend,pg_shdepend_depender_index,664,0,0,148,664
1416443876.78559,pg_catalog,pg_shdescription,pg_shdescription_o_c_index,0,0,0,0,0
1416443876.78559,pg_catalog,pg_ts_config,pg_ts_config_oid_index,0,0,0,0,0
1416443876.78559,pg_catalog,pg_ts_config,pg_ts_config_cfgname_index,0,0,0,0,0
1416443876.78559,pg_catalog,pg_ts_config_map,pg_ts_config_map_index,0,0,0,0,0
1416443876.78559,pg_catalog,pg_ts_dict,pg_ts_dict_oid_index,0,0,0,0,0
1416443876.78559,pg_catalog,pg_ts_dict,pg_ts_dict_dictname_index,0,0,0,0,0
1416443876.78559,pg_catalog,pg_ts_parser,pg_ts_parser_oid_index,0,0,0,0,0
1416443876.78559,pg_catalog,pg_ts_parser,pg_ts_parser_prsname_index,0,0,0,0,0
1416443876.78559,pg_catalog,pg_ts_template,pg_ts_template_oid_index,0,0,0,0,0
1416443876.78559,pg_catalog,pg_ts_template,pg_ts_template_tmplname_index,0,0,0,0,0
1416443876.78559,pg_catalog,pg_extension,pg_extension_name_index,0,0,0,0,0
1416443876.78559,pg_catalog,pg_extension,pg_extension_oid_index,0,0,0,0,0
1416443876.78559,pg_catalog,pg_foreign_data_wrapper,pg_foreign_data_wrapper_name_index,0,0,0,0,0
1416443876.78559,pg_catalog,pg_foreign_data_wrapper,pg_foreign_data_wrapper_oid_index,0,0,0,0,0
1416443876.78559,pg_catalog,pg_foreign_server,pg_foreign_server_name_index,0,0,0,0,0
1416443876.78559,pg_catalog,pg_foreign_server,pg_foreign_server_oid_index,0,0,0,0,0
1416443876.78559,pg_catalog,pg_foreign_table,pg_foreign_table_relid_index,0,0,0,0,0
1416443876.78559,pg_catalog,pg_rowsecurity,pg_rowsecurity_polname_relid_index,0,0,0,0,0
1416443876.78559,pg_catalog,pg_rowsecurity,pg_rowsecurity_oid_index,0,0,0,0,0
1416443876.78559,pg_catalog,pg_default_acl,pg_default_acl_oid_index,0,0,0,0,0
1416443876.78559,pg_catalog,pg_default_acl,pg_default_acl_role_nsp_obj_index,628,0,0,65,563
1416443876.78559,pg_catalog,pg_seclabel,pg_seclabel_object_index,663,0,0,71,592
1416443876.78559,pg_catalog,pg_shseclabel,pg_shseclabel_object_index,0,0,0,0,0
1416443876.78559,pg_catalog,pg_collation,pg_collation_oid_index,0,0,0,0,0
1416443876.78559,pg_catalog,pg_collation,pg_collation_name_enc_nsp_index,0,0,0,0,0
1416443876.78559,pg_catalog,pg_range,pg_range_rngtypid_index,1095,0,0,346,1844
1416443876.78559,public,customer,customer_c_nationkey_c_custkey_brin_idx,0,0,0,0,3
1416443876.78559,public,customer,customer_c_phone_idx,0,0,0,4115,0
1416443876.78559,public,customer,pk_customer,0,0,0,4115,0
1416443876.78559,public,customer,customer_c_phone_idx_c_acctbal,0,0,0,3741,0
1416443876.78559,public,customer,customer_c_mktsegment_c_custkey_idx,0,0,0,5778,0
1416443876.78559,pg_toast,pg_toast_12698,pg_toast_12698_index,0,0,0,0,0
1416443876.78559,pg_toast,pg_toast_12703,pg_toast_12703_index,0,0,0,0,0
1416443876.78559,pg_toast,pg_toast_12708,pg_toast_12708_index,0,0,0,0,0
1416443876.78559,pg_toast,pg_toast_12713,pg_toast_12713_index,0,0,0,0,0
1416443876.78559,pg_toast,pg_toast_12718,pg_toast_12718_index,0,0,0,0,0
1416443876.78559,pg_toast,pg_toast_12723,pg_toast_12723_index,0,0,0,0,0
1416443876.78559,pg_catalog,pg_class,pg_class_tblspc_relfilenode_index,0,0,0,246,940
1416443876.78559,pg_catalog,pg_class,pg_class_relname_nsp_index,17646,9225,9045,430,40106
1416443876.78559,pg_catalog,pg_class,pg_class_oid_index,98254,97957,97576,301,201819
1416443876.78559,pg_catalog,pg_operator,pg_operator_oprname_l_r_n_index,16318,165081,165081,392,35663
1416443876.78559,pg_catalog,pg_operator,pg_operator_oid_index,18934,18934,18934,321,40941
1416443876.78559,pg_catalog,pg_enum,pg_enum_typid_sortorder_index,0,0,0,0,0
1416443876.78559,pg_catalog,pg_enum,pg_enum_typid_label_index,0,0,0,0,0
1416443876.78559,pg_catalog,pg_enum,pg_enum_oid_index,0,0,0,0,0
1416443876.78559,pg_catalog,pg_depend,pg_depend_reference_index,4993,5402,4576,1043,11631
1416443876.78559,pg_catalog,pg_depend,pg_depend_depender_index,1402,2250,2250,535,4953
1416443876.78559,pg_toast,pg_toast_12693,pg_toast_12693_index,0,0,0,0,0
1416443876.78559,public,supplier,supplier_s_nationkey_s_suppkey_brin_idx,0,0,0,0,3
1416443876.78559,public,supplier,supplier_s_suppkey_idx_like,0,0,0,1,0
1416443876.78559,public,supplier,pk_supplier,0,0,0,275,0
1416443876.78559,public,part,pk_part,0,0,0,5486,0
1416443876.78559,public,part,part_p_size_brin_idx,0,0,0,0,3
1416443876.78559,public,part,part_p_name_idx,0,0,0,13604,0
1416443876.78559,public,part,part_p_type_p_partkey_idx,0,0,0,11519,0
1416443876.78559,public,part,part_p_container_p_brand_p_partkey_idx,0,0,0,12144,0
1416443876.78559,public,nation,pk_nation,0,0,0,1,0
1416443936.7902,pg_catalog,pg_statistic,pg_statistic_relid_att_inh_index,24681,23577,23570,277,53614
1416443936.7902,pg_catalog,pg_type,pg_type_typname_nsp_index,2867,2226,2051,733,6963
1416443936.7902,pg_catalog,pg_type,pg_type_oid_index,106664,106354,106354,250,218397
1416443936.7902,pg_toast,pg_toast_2619,pg_toast_2619_index,16810,57653,57653,230,19684
1416443936.7902,pg_toast,pg_toast_1255,pg_toast_1255_index,0,0,0,0,0
1416443936.7902,pg_toast,pg_toast_2604,pg_toast_2604_index,0,0,0,0,0
1416443936.7902,pg_toast,pg_toast_2606,pg_toast_2606_index,0,0,0,0,0
1416443936.7902,pg_toast,pg_toast_2618,pg_toast_2618_index,516,1646,1646,98,736
1416443936.7902,pg_toast,pg_toast_2620,pg_toast_2620_index,0,0,0,0,0
1416443936.7902,pg_toast,pg_toast_2609,pg_toast_2609_index,0,0,0,0,0
1416443936.7902,pg_toast,pg_toast_2964,pg_toast_2964_index,0,0,0,0,0
1416443936.7902,pg_toast,pg_toast_2396,pg_toast_2396_index,0,0,0,0,0
1416443936.7902,pg_toast,pg_toast_3596,pg_toast_3596_index,0,0,0,0,0
1416443936.7902,public,partsupp,partsupp_ps_suppkey_idx,0,0,0,0,6
1416443936.7902,public,partsupp,pk_partsupp,0,0,0,21936,0
1416443936.7902,public,region,pk_region,0,0,0,1,0
1416443936.7902,pg_catalog,pg_authid,pg_authid_oid_index,4698,4698,4698,108,9288
1416443936.7902,pg_catalog,pg_authid,pg_authid_rolname_index,4671,4671,4671,108,9234
1416443936.7902,pg_catalog,pg_largeobject,pg_largeobject_loid_pn_index,0,0,0,0,0
1416443936.7902,pg_catalog,pg_user_mapping,pg_user_mapping_user_server_index,0,0,0,0,0
1416443936.7902,pg_catalog,pg_user_mapping,pg_user_mapping_oid_index,0,0,0,0,0
1416443936.7902,pg_catalog,pg_attribute,pg_attribute_relid_attnum_index,93886,211701,211558,615,194907
1416443936.7902,pg_catalog,pg_attribute,pg_attribute_relid_attnam_index,193,193,193,231,2845
1416443936.7902,pg_catalog,pg_proc,pg_proc_proname_args_nsp_index,5587,25250,25250,914,14571
1416443936.7902,pg_catalog,pg_proc,pg_proc_oid_index,34730,34730,34730,625,73265
1416443936.7902,pg_catalog,pg_attrdef,pg_attrdef_oid_index,0,0,0,0,0
1416443936.7902,pg_catalog,pg_attrdef,pg_attrdef_adrelid_adnum_index,0,0,0,0,0
1416443936.7902,pg_catalog,pg_constraint,pg_constraint_oid_index,55,24,24,8,133
1416443936.7902,pg_catalog,pg_constraint,pg_constraint_contypid_index,0,0,0,8,54
1416443936.7902,pg_catalog,pg_constraint,pg_constraint_conrelid_index,0,0,0,8,54
1416443936.7902,pg_catalog,pg_constraint,pg_constraint_conname_nsp_index,0,0,0,8,54
1416443936.7902,pg_catalog,pg_inherits,pg_inherits_parent_index,0,0,0,0,0
1416443936.7902,pg_catalog,pg_inherits,pg_inherits_relid_seqno_index,147,0,0,77,70
1416443936.7902,pg_catalog,pg_index,pg_index_indexrelid_index,39052,39239,39052,97,43868
1416443936.7902,pg_catalog,pg_index,pg_index_indrelid_index,10735,32624,32624,218,13193
1416443936.7902,pg_catalog,pg_opfamily,pg_opfamily_oid_index,0,0,0,0,0
1416443936.7902,pg_catalog,pg_opfamily,pg_opfamily_am_name_nsp_index,0,0,0,0,0
1416443936.7902,pg_catalog,pg_opclass,pg_opclass_oid_index,23289,23289,23289,98,27958
1416443936.7902,pg_catalog,pg_opclass,pg_opclass_am_name_nsp_index,7039,292971,292971,266,8772
1416443936.7902,pg_catalog,pg_am,pg_am_oid_index,0,0,0,0,0
1416443936.7902,pg_catalog,pg_am,pg_am_name_index,0,0,0,0,0
1416443936.7902,pg_catalog,pg_amop,pg_amop_oid_index,0,0,0,0,0
1416443936.7902,pg_catalog,pg_amop,pg_amop_opr_fam_index,16559,45601,45601,339,36025
1416443936.7902,pg_catalog,pg_amop,pg_amop_fam_strat_index,21895,21895,21895,284,45735
1416443936.7902,pg_catalog,pg_amproc,pg_amproc_oid_index,0,0,0,0,0
1416443936.7902,pg_catalog,pg_amproc,pg_amproc_fam_proc_index,22625,66496,66496,213,49804
1416443936.7902,pg_catalog,pg_language,pg_language_oid_index,0,0,0,0,0
1416443936.7902,pg_catalog,pg_language,pg_language_name_index,0,0,0,0,0
1416443936.7902,pg_catalog,pg_largeobject_metadata,pg_largeobject_metadata_oid_index,0,0,0,0,0
1416443936.7902,pg_catalog,pg_aggregate,pg_aggregate_fnoid_index,2439,2439,2439,360,3894
1416443936.7902,pg_catalog,pg_rewrite,pg_rewrite_rel_rulename_index,948,870,792,162,1461
1416443936.7902,pg_catalog,pg_rewrite,pg_rewrite_oid_index,234,156,156,108,285
1416443936.7902,pg_catalog,pg_trigger,pg_trigger_oid_index,0,0,0,0,0
1416443936.7902,pg_catalog,pg_trigger,pg_trigger_tgrelid_tgname_index,0,0,0,0,0
1416443936.7902,pg_catalog,pg_trigger,pg_trigger_tgconstraint_index,0,0,0,0,0
1416443936.7902,pg_catalog,pg_event_trigger,pg_event_trigger_oid_index,0,0,0,0,0
1416443936.7902,pg_catalog,pg_event_trigger,pg_event_trigger_evtname_index,301,0,0,73,228
1416443936.7902,pg_catalog,pg_description,pg_description_o_c_o_index,663,0,0,219,1254
1416443936.7902,pg_catalog,pg_cast,pg_cast_source_target_index,154393,36754,36754,105,158758
1416443936.7902,pg_catalog,pg_cast,pg_cast_oid_index,0,0,0,0,0
1416443936.7902,pg_catalog,pg_database,pg_database_oid_index,6179,6178,6178,104,10944
1416443936.7902,pg_catalog,pg_database,pg_database_datname_index,9534,9533,9533,101,14289
1416443936.7902,pg_catalog,pg_namespace,pg_namespace_oid_index,9537,9533,9533,164,9756
1416443936.7902,pg_catalog,pg_namespace,pg_namespace_nspname_index,12909,8262,8262,103,17453
1416443936.7902,pg_catalog,pg_conversion,pg_conversion_oid_index,0,0,0,0,0
1416443936.7902,pg_catalog,pg_conversion,pg_conversion_name_nsp_index,0,0,0,0,0
1416443936.7902,pg_catalog,pg_conversion,pg_conversion_default_index,0,0,0,0,0
1416443936.7902,pg_catalog,pg_db_role_setting,pg_db_role_setting_databaseid_rol_index,19472,0,0,45,19427
1416443936.7902,pg_catalog,pg_tablespace,pg_tablespace_spcname_index,0,0,0,10,10
1416443936.7902,pg_catalog,pg_tablespace,pg_tablespace_oid_index,3290,3290,3290,154,6426
1416443936.7902,pg_catalog,pg_pltemplate,pg_pltemplate_name_index,0,0,0,0,0
1416443936.7902,pg_catalog,pg_auth_members,pg_auth_members_member_role_index,0,0,0,0,0
1416443936.7902,pg_catalog,pg_auth_members,pg_auth_members_role_member_index,0,0,0,0,0
1416443936.7902,pg_catalog,pg_shdepend,pg_shdepend_reference_index,162,162,162,146,174
1416443936.7902,pg_catalog,pg_shdepend,pg_shdepend_depender_index,664,0,0,148,664
1416443936.7902,pg_catalog,pg_shdescription,pg_shdescription_o_c_index,0,0,0,0,0
1416443936.7902,pg_catalog,pg_ts_config,pg_ts_config_oid_index,0,0,0,0,0
1416443936.7902,pg_catalog,pg_ts_config,pg_ts_config_cfgname_index,0,0,0,0,0
1416443936.7902,pg_catalog,pg_ts_config_map,pg_ts_config_map_index,0,0,0,0,0
1416443936.7902,pg_catalog,pg_ts_dict,pg_ts_dict_oid_index,0,0,0,0,0
1416443936.7902,pg_catalog,pg_ts_dict,pg_ts_dict_dictname_index,0,0,0,0,0
1416443936.7902,pg_catalog,pg_ts_parser,pg_ts_parser_oid_index,0,0,0,0,0
1416443936.7902,pg_catalog,pg_ts_parser,pg_ts_parser_prsname_index,0,0,0,0,0
1416443936.7902,pg_catalog,pg_ts_template,pg_ts_template_oid_index,0,0,0,0,0
1416443936.7902,pg_catalog,pg_ts_template,pg_ts_template_tmplname_index,0,0,0,0,0
1416443936.7902,pg_catalog,pg_extension,pg_extension_name_index,0,0,0,0,0
1416443936.7902,pg_catalog,pg_extension,pg_extension_oid_index,0,0,0,0,0
1416443936.7902,pg_catalog,pg_foreign_data_wrapper,pg_foreign_data_wrapper_name_index,0,0,0,0,0
1416443936.7902,pg_catalog,pg_foreign_data_wrapper,pg_foreign_data_wrapper_oid_index,0,0,0,0,0
1416443936.7902,pg_catalog,pg_foreign_server,pg_foreign_server_name_index,0,0,0,0,0
1416443936.7902,pg_catalog,pg_foreign_server,pg_foreign_server_oid_index,0,0,0,0,0
1416443936.7902,pg_catalog,pg_foreign_table,pg_foreign_table_relid_index,0,0,0,0,0
1416443936.7902,pg_catalog,pg_rowsecurity,pg_rowsecurity_polname_relid_index,0,0,0,0,0
1416443936.7902,pg_catalog,pg_rowsecurity,pg_rowsecurity_oid_index,0,0,0,0,0
1416443936.7902,pg_catalog,pg_default_acl,pg_default_acl_oid_index,0,0,0,0,0
1416443936.7902,pg_catalog,pg_default_acl,pg_default_acl_role_nsp_obj_index,628,0,0,65,563
1416443936.7902,pg_catalog,pg_seclabel,pg_seclabel_object_index,663,0,0,71,592
1416443936.7902,pg_catalog,pg_shseclabel,pg_shseclabel_object_index,0,0,0,0,0
1416443936.7902,pg_catalog,pg_collation,pg_collation_oid_index,0,0,0,0,0
1416443936.7902,pg_catalog,pg_collation,pg_collation_name_enc_nsp_index,0,0,0,0,0
1416443936.7902,pg_catalog,pg_range,pg_range_rngtypid_index,1095,0,0,346,1844
1416443936.7902,public,customer,customer_c_nationkey_c_custkey_brin_idx,0,0,0,0,3
1416443936.7902,public,customer,customer_c_phone_idx,0,0,0,4115,0
1416443936.7902,public,customer,pk_customer,0,0,0,4115,0
1416443936.7902,public,customer,customer_c_phone_idx_c_acctbal,0,0,0,3741,0
1416443936.7902,public,customer,customer_c_mktsegment_c_custkey_idx,0,0,0,5778,0
1416443936.7902,pg_toast,pg_toast_12698,pg_toast_12698_index,0,0,0,0,0
1416443936.7902,pg_toast,pg_toast_12703,pg_toast_12703_index,0,0,0,0,0
1416443936.7902,pg_toast,pg_toast_12708,pg_toast_12708_index,0,0,0,0,0
1416443936.7902,pg_toast,pg_toast_12713,pg_toast_12713_index,0,0,0,0,0
1416443936.7902,pg_toast,pg_toast_12718,pg_toast_12718_index,0,0,0,0,0
1416443936.7902,pg_toast,pg_toast_12723,pg_toast_12723_index,0,0,0,0,0
1416443936.7902,pg_catalog,pg_class,pg_class_tblspc_relfilenode_index,0,0,0,246,952
1416443936.7902,pg_catalog,pg_class,pg_class_relname_nsp_index,17670,9244,9061,430,40171
1416443936.7902,pg_catalog,pg_class,pg_class_oid_index,98645,98345,97964,301,202619
1416443936.7902,public,orders,orders_o_orderdate_o_orderkey_brin_idx,0,0,0,0,12
1416443936.7902,public,orders,pk_orders,0,0,0,41130,0
1416443936.7902,public,orders,orders_o_orderkey_o_orderdate_brin_idx,0,0,0,0,12
1416443936.7902,pg_catalog,pg_operator,pg_operator_oprname_l_r_n_index,16321,165084,165084,392,35672
1416443936.7902,pg_catalog,pg_operator,pg_operator_oid_index,18954,18954,18954,321,40988
1416443936.7902,pg_catalog,pg_enum,pg_enum_typid_sortorder_index,0,0,0,0,0
1416443936.7902,pg_catalog,pg_enum,pg_enum_typid_label_index,0,0,0,0,0
1416443936.7902,pg_catalog,pg_enum,pg_enum_oid_index,0,0,0,0,0
1416443936.7902,pg_catalog,pg_depend,pg_depend_reference_index,5004,5412,4586,1043,11668
1416443936.7902,pg_catalog,pg_depend,pg_depend_depender_index,1402,2250,2250,535,4968
1416443936.7902,pg_toast,pg_toast_12693,pg_toast_12693_index,0,0,0,0,0
1416443936.7902,public,supplier,supplier_s_nationkey_s_suppkey_brin_idx,0,0,0,0,3
1416443936.7902,public,supplier,supplier_s_suppkey_idx_like,0,0,0,1,0
1416443936.7902,public,supplier,pk_supplier,0,0,0,275,0
1416443936.7902,public,part,pk_part,0,0,0,5486,0
1416443936.7902,public,part,part_p_size_brin_idx,0,0,0,0,3
1416443936.7902,public,part,part_p_name_idx,0,0,0,13604,0
1416443936.7902,public,part,part_p_type_p_partkey_idx,0,0,0,11519,0
1416443936.7902,public,part,part_p_container_p_brand_p_partkey_idx,0,0,0,12144,0
1416443936.7902,public,nation,pk_nation,0,0,0,1,0
1416443996.78989,pg_catalog,pg_statistic,pg_statistic_relid_att_inh_index,24702,23594,23587,277,53660
1416443996.78989,pg_catalog,pg_type,pg_type_typname_nsp_index,2867,2226,2051,733,6963
1416443996.78989,pg_catalog,pg_type,pg_type_oid_index,106740,106430,106430,250,218553
1416443996.78989,pg_toast,pg_toast_2619,pg_toast_2619_index,16813,57659,57659,230,19690
1416443996.78989,pg_toast,pg_toast_1255,pg_toast_1255_index,0,0,0,0,0
1416443996.78989,pg_toast,pg_toast_2604,pg_toast_2604_index,0,0,0,0,0
1416443996.78989,pg_toast,pg_toast_2606,pg_toast_2606_index,0,0,0,0,0
1416443996.78989,pg_toast,pg_toast_2618,pg_toast_2618_index,520,1660,1660,98,742
1416443996.78989,pg_toast,pg_toast_2620,pg_toast_2620_index,0,0,0,0,0
1416443996.78989,pg_toast,pg_toast_2609,pg_toast_2609_index,0,0,0,0,0
1416443996.78989,pg_toast,pg_toast_2964,pg_toast_2964_index,0,0,0,0,0
1416443996.78989,pg_toast,pg_toast_2396,pg_toast_2396_index,0,0,0,0,0
1416443996.78989,pg_toast,pg_toast_3596,pg_toast_3596_index,0,0,0,0,0
1416443996.78989,public,partsupp,partsupp_ps_suppkey_idx,0,0,0,0,6
1416443996.78989,public,partsupp,pk_partsupp,0,0,0,21936,0
1416443996.78989,public,region,pk_region,0,0,0,1,0
1416443996.78989,pg_catalog,pg_authid,pg_authid_oid_index,4703,4703,4703,108,9298
1416443996.78989,pg_catalog,pg_authid,pg_authid_rolname_index,4676,4676,4676,108,9244
1416443996.78989,pg_catalog,pg_largeobject,pg_largeobject_loid_pn_index,0,0,0,0,0
1416443996.78989,pg_catalog,pg_user_mapping,pg_user_mapping_user_server_index,0,0,0,0,0
1416443996.78989,pg_catalog,pg_user_mapping,pg_user_mapping_oid_index,0,0,0,0,0
1416443996.78989,pg_catalog,pg_attribute,pg_attribute_relid_attnum_index,94070,211991,211848,615,195279
1416443996.78989,pg_catalog,pg_attribute,pg_attribute_relid_attnam_index,193,193,193,231,2845
1416443996.78989,pg_catalog,pg_proc,pg_proc_proname_args_nsp_index,5595,25286,25286,914,14591
1416443996.78989,pg_catalog,pg_proc,pg_proc_oid_index,34794,34794,34794,625,73397
1416443996.78989,pg_catalog,pg_attrdef,pg_attrdef_oid_index,0,0,0,0,0
1416443996.78989,pg_catalog,pg_attrdef,pg_attrdef_adrelid_adnum_index,0,0,0,0,0
1416443996.78989,pg_catalog,pg_constraint,pg_constraint_oid_index,55,24,24,8,133
1416443996.78989,pg_catalog,pg_constraint,pg_constraint_contypid_index,0,0,0,8,54
1416443996.78989,pg_catalog,pg_constraint,pg_constraint_conrelid_index,0,0,0,8,54
1416443996.78989,pg_catalog,pg_constraint,pg_constraint_conname_nsp_index,0,0,0,8,54
1416443996.78989,pg_catalog,pg_inherits,pg_inherits_parent_index,0,0,0,0,0
1416443996.78989,pg_catalog,pg_inherits,pg_inherits_relid_seqno_index,147,0,0,77,70
1416443996.78989,pg_catalog,pg_index,pg_index_indexrelid_index,39076,39263,39076,97,43896
1416443996.78989,pg_catalog,pg_index,pg_index_indrelid_index,10748,32648,32648,218,13210
1416443996.78989,pg_catalog,pg_opfamily,pg_opfamily_oid_index,0,0,0,0,0
1416443996.78989,pg_catalog,pg_opfamily,pg_opfamily_am_name_nsp_index,0,0,0,0,0
1416443996.78989,pg_catalog,pg_opclass,pg_opclass_oid_index,23300,23300,23300,98,27973
1416443996.78989,pg_catalog,pg_opclass,pg_opclass_am_name_nsp_index,7043,293142,293142,266,8779
1416443996.78989,pg_catalog,pg_am,pg_am_oid_index,0,0,0,0,0
1416443996.78989,pg_catalog,pg_am,pg_am_name_index,0,0,0,0,0
1416443996.78989,pg_catalog,pg_amop,pg_amop_oid_index,0,0,0,0,0
1416443996.78989,pg_catalog,pg_amop,pg_amop_opr_fam_index,16569,45626,45626,339,36048
1416443996.78989,pg_catalog,pg_amop,pg_amop_fam_strat_index,21912,21912,21912,284,45772
1416443996.78989,pg_catalog,pg_amproc,pg_amproc_oid_index,0,0,0,0,0
1416443996.78989,pg_catalog,pg_amproc,pg_amproc_fam_proc_index,22638,66516,66516,213,49834
1416443996.78989,pg_catalog,pg_language,pg_language_oid_index,0,0,0,0,0
1416443996.78989,pg_catalog,pg_language,pg_language_name_index,0,0,0,0,0
1416443996.78989,pg_catalog,pg_largeobject_metadata,pg_largeobject_metadata_oid_index,0,0,0,0,0
1416443996.78989,pg_catalog,pg_aggregate,pg_aggregate_fnoid_index,2440,2440,2440,360,3896
1416443996.78989,pg_catalog,pg_rewrite,pg_rewrite_rel_rulename_index,954,876,798,162,1471
1416443996.78989,pg_catalog,pg_rewrite,pg_rewrite_oid_index,234,156,156,108,285
1416443996.78989,pg_catalog,pg_trigger,pg_trigger_oid_index,0,0,0,0,0
1416443996.78989,pg_catalog,pg_trigger,pg_trigger_tgrelid_tgname_index,0,0,0,0,0
1416443996.78989,pg_catalog,pg_trigger,pg_trigger_tgconstraint_index,0,0,0,0,0
1416443996.78989,pg_catalog,pg_event_trigger,pg_event_trigger_oid_index,0,0,0,0,0
1416443996.78989,pg_catalog,pg_event_trigger,pg_event_trigger_evtname_index,301,0,0,73,228
1416443996.78989,pg_catalog,pg_description,pg_description_o_c_o_index,663,0,0,219,1254
1416443996.78989,pg_catalog,pg_cast,pg_cast_source_target_index,154455,36777,36777,105,158824
1416443996.78989,pg_catalog,pg_cast,pg_cast_oid_index,0,0,0,0,0
1416443996.78989,pg_catalog,pg_database,pg_database_oid_index,6193,6192,6192,104,10965
1416443996.78989,pg_catalog,pg_database,pg_database_datname_index,9546,9545,9545,101,14308
1416443996.78989,pg_catalog,pg_namespace,pg_namespace_oid_index,9672,9668,9668,164,9893
1416443996.78989,pg_catalog,pg_namespace,pg_namespace_nspname_index,12921,8270,8270,103,17469
1416443996.78989,pg_catalog,pg_conversion,pg_conversion_oid_index,0,0,0,0,0
1416443996.78989,pg_catalog,pg_conversion,pg_conversion_name_nsp_index,0,0,0,0,0
1416443996.78989,pg_catalog,pg_conversion,pg_conversion_default_index,0,0,0,0,0
1416443996.78989,pg_catalog,pg_db_role_setting,pg_db_role_setting_databaseid_rol_index,19500,0,0,45,19455
1416443996.78989,pg_catalog,pg_tablespace,pg_tablespace_spcname_index,0,0,0,10,10
1416443996.78989,pg_catalog,pg_tablespace,pg_tablespace_oid_index,3295,3295,3295,154,6436
1416443996.78989,pg_catalog,pg_pltemplate,pg_pltemplate_name_index,0,0,0,0,0
1416443996.78989,pg_catalog,pg_auth_members,pg_auth_members_member_role_index,0,0,0,0,0
1416443996.78989,pg_catalog,pg_auth_members,pg_auth_members_role_member_index,0,0,0,0,0
1416443996.78989,pg_catalog,pg_shdepend,pg_shdepend_reference_index,162,162,162,146,174
1416443996.78989,pg_catalog,pg_shdepend,pg_shdepend_depender_index,664,0,0,148,664
1416443996.78989,pg_catalog,pg_shdescription,pg_shdescription_o_c_index,0,0,0,0,0
1416443996.78989,pg_catalog,pg_ts_config,pg_ts_config_oid_index,0,0,0,0,0
1416443996.78989,pg_catalog,pg_ts_config,pg_ts_config_cfgname_index,0,0,0,0,0
1416443996.78989,pg_catalog,pg_ts_config_map,pg_ts_config_map_index,0,0,0,0,0
1416443996.78989,pg_catalog,pg_ts_dict,pg_ts_dict_oid_index,0,0,0,0,0
1416443996.78989,pg_catalog,pg_ts_dict,pg_ts_dict_dictname_index,0,0,0,0,0
1416443996.78989,pg_catalog,pg_ts_parser,pg_ts_parser_oid_index,0,0,0,0,0
1416443996.78989,pg_catalog,pg_ts_parser,pg_ts_parser_prsname_index,0,0,0,0,0
1416443996.78989,pg_catalog,pg_ts_template,pg_ts_template_oid_index,0,0,0,0,0
1416443996.78989,pg_catalog,pg_ts_template,pg_ts_template_tmplname_index,0,0,0,0,0
1416443996.78989,pg_catalog,pg_extension,pg_extension_name_index,0,0,0,0,0
1416443996.78989,pg_catalog,pg_extension,pg_extension_oid_index,0,0,0,0,0
1416443996.78989,pg_catalog,pg_foreign_data_wrapper,pg_foreign_data_wrapper_name_index,0,0,0,0,0
1416443996.78989,pg_catalog,pg_foreign_data_wrapper,pg_foreign_data_wrapper_oid_index,0,0,0,0,0
1416443996.78989,pg_catalog,pg_foreign_server,pg_foreign_server_name_index,0,0,0,0,0
1416443996.78989,pg_catalog,pg_foreign_server,pg_foreign_server_oid_index,0,0,0,0,0
1416443996.78989,pg_catalog,pg_foreign_table,pg_foreign_table_relid_index,0,0,0,0,0
1416443996.78989,pg_catalog,pg_rowsecurity,pg_rowsecurity_polname_relid_index,0,0,0,0,0
1416443996.78989,pg_catalog,pg_rowsecurity,pg_rowsecurity_oid_index,0,0,0,0,0
1416443996.78989,pg_catalog,pg_default_acl,pg_default_acl_oid_index,0,0,0,0,0
1416443996.78989,pg_catalog,pg_default_acl,pg_default_acl_role_nsp_obj_index,628,0,0,65,563
1416443996.78989,pg_catalog,pg_seclabel,pg_seclabel_object_index,663,0,0,71,592
1416443996.78989,pg_catalog,pg_shseclabel,pg_shseclabel_object_index,0,0,0,0,0
1416443996.78989,pg_catalog,pg_collation,pg_collation_oid_index,0,0,0,0,0
1416443996.78989,pg_catalog,pg_collation,pg_collation_name_enc_nsp_index,0,0,0,0,0
1416443996.78989,pg_catalog,pg_range,pg_range_rngtypid_index,1095,0,0,346,1844
1416443996.78989,public,customer,customer_c_nationkey_c_custkey_brin_idx,0,0,0,0,3
1416443996.78989,public,customer,customer_c_phone_idx,0,0,0,4115,0
1416443996.78989,public,customer,pk_customer,0,0,0,4115,0
1416443996.78989,public,customer,customer_c_phone_idx_c_acctbal,0,0,0,3741,0
1416443996.78989,public,customer,customer_c_mktsegment_c_custkey_idx,0,0,0,5778,0
1416443996.78989,pg_toast,pg_toast_12698,pg_toast_12698_index,0,0,0,0,0
1416443996.78989,pg_toast,pg_toast_12703,pg_toast_12703_index,0,0,0,0,0
1416443996.78989,pg_toast,pg_toast_12708,pg_toast_12708_index,0,0,0,0,0
1416443996.78989,pg_toast,pg_toast_12713,pg_toast_12713_index,0,0,0,0,0
1416443996.78989,pg_toast,pg_toast_12718,pg_toast_12718_index,0,0,0,0,0
1416443996.78989,pg_toast,pg_toast_12723,pg_toast_12723_index,0,0,0,0,0
1416443996.78989,pg_catalog,pg_class,pg_class_tblspc_relfilenode_index,0,0,0,246,955
1416443996.78989,pg_catalog,pg_class,pg_class_relname_nsp_index,17677,9251,9068,430,40189
1416443996.78989,pg_catalog,pg_class,pg_class_oid_index,98960,98660,98279,301,203255
1416443996.78989,public,orders,orders_o_orderdate_o_orderkey_brin_idx,0,0,0,0,12
1416443996.78989,public,orders,pk_orders,0,0,0,41130,0
1416443996.78989,public,orders,orders_o_orderkey_o_orderdate_brin_idx,0,0,0,0,12
1416443996.78989,pg_catalog,pg_operator,pg_operator_oprname_l_r_n_index,16324,165087,165087,392,35681
1416443996.78989,pg_catalog,pg_operator,pg_operator_oid_index,18967,18967,18967,321,41018
1416443996.78989,pg_catalog,pg_enum,pg_enum_typid_sortorder_index,0,0,0,0,0
1416443996.78989,pg_catalog,pg_enum,pg_enum_typid_label_index,0,0,0,0,0
1416443996.78989,pg_catalog,pg_enum,pg_enum_oid_index,0,0,0,0,0
1416443996.78989,pg_catalog,pg_depend,pg_depend_reference_index,5004,5412,4586,1043,11668
1416443996.78989,pg_catalog,pg_depend,pg_depend_depender_index,1402,2250,2250,535,4968
1416443996.78989,pg_toast,pg_toast_12693,pg_toast_12693_index,0,0,0,0,0
1416443996.78989,public,supplier,supplier_s_nationkey_s_suppkey_brin_idx,0,0,0,0,3
1416443996.78989,public,supplier,supplier_s_suppkey_idx_like,0,0,0,1,0
1416443996.78989,public,supplier,pk_supplier,0,0,0,275,0
1416443996.78989,public,part,pk_part,0,0,0,5486,0
1416443996.78989,public,part,part_p_size_brin_idx,0,0,0,0,3
1416443996.78989,public,part,part_p_name_idx,0,0,0,13604,0
1416443996.78989,public,part,part_p_type_p_partkey_idx,0,0,0,11519,0
1416443996.78989,public,part,part_p_container_p_brand_p_partkey_idx,0,0,0,12144,0
1416443996.78989,public,nation,pk_nation,0,0,0,1,0
1416444056.79435,pg_catalog,pg_statistic,pg_statistic_relid_att_inh_index,24734,23618,23611,277,53731
1416444056.79435,pg_catalog,pg_type,pg_type_typname_nsp_index,2867,2226,2051,733,6963
1416444056.79435,pg_catalog,pg_type,pg_type_oid_index,106868,106558,106558,250,218816
1416444056.79435,pg_toast,pg_toast_2619,pg_toast_2619_index,16817,57667,57667,230,19698
1416444056.79435,pg_toast,pg_toast_1255,pg_toast_1255_index,0,0,0,0,0
1416444056.79435,pg_toast,pg_toast_2604,pg_toast_2604_index,0,0,0,0,0
1416444056.79435,pg_toast,pg_toast_2606,pg_toast_2606_index,0,0,0,0,0
1416444056.79435,pg_toast,pg_toast_2618,pg_toast_2618_index,526,1678,1678,98,752
1416444056.79435,pg_toast,pg_toast_2620,pg_toast_2620_index,0,0,0,0,0
1416444056.79435,pg_toast,pg_toast_2609,pg_toast_2609_index,0,0,0,0,0
1416444056.79435,pg_toast,pg_toast_2964,pg_toast_2964_index,0,0,0,0,0
1416444056.79435,pg_toast,pg_toast_2396,pg_toast_2396_index,0,0,0,0,0
1416444056.79435,pg_toast,pg_toast_3596,pg_toast_3596_index,0,0,0,0,0
1416444056.79435,public,partsupp,partsupp_ps_suppkey_idx,0,0,0,0,6
1416444056.79435,public,partsupp,pk_partsupp,0,0,0,21936,0
1416444056.79435,public,region,pk_region,0,0,0,1,0
1416444056.79435,pg_catalog,pg_authid,pg_authid_oid_index,4708,4708,4708,108,9308
1416444056.79435,pg_catalog,pg_authid,pg_authid_rolname_index,4681,4681,4681,108,9254
1416444056.79435,pg_catalog,pg_largeobject,pg_largeobject_loid_pn_index,0,0,0,0,0
1416444056.79435,pg_catalog,pg_user_mapping,pg_user_mapping_user_server_index,0,0,0,0,0
1416444056.79435,pg_catalog,pg_user_mapping,pg_user_mapping_oid_index,0,0,0,0,0
1416444056.79435,pg_catalog,pg_attribute,pg_attribute_relid_attnum_index,94309,212406,212263,615,195769
1416444056.79435,pg_catalog,pg_attribute,pg_attribute_relid_attnam_index,193,193,193,231,2845
1416444056.79435,pg_catalog,pg_proc,pg_proc_proname_args_nsp_index,5609,25349,25349,914,14626
1416444056.79435,pg_catalog,pg_proc,pg_proc_oid_index,34870,34870,34870,625,73556
1416444056.79435,pg_catalog,pg_attrdef,pg_attrdef_oid_index,0,0,0,0,0
1416444056.79435,pg_catalog,pg_attrdef,pg_attrdef_adrelid_adnum_index,0,0,0,0,0
1416444056.79435,pg_catalog,pg_constraint,pg_constraint_oid_index,55,24,24,8,133
1416444056.79435,pg_catalog,pg_constraint,pg_constraint_contypid_index,0,0,0,8,54
1416444056.79435,pg_catalog,pg_constraint,pg_constraint_conrelid_index,0,0,0,8,54
1416444056.79435,pg_catalog,pg_constraint,pg_constraint_conname_nsp_index,0,0,0,8,54
1416444056.79435,pg_catalog,pg_inherits,pg_inherits_parent_index,0,0,0,0,0
1416444056.79435,pg_catalog,pg_inherits,pg_inherits_relid_seqno_index,147,0,0,77,70
1416444056.79435,pg_catalog,pg_index,pg_index_indexrelid_index,39111,39298,39111,97,43939
1416444056.79435,pg_catalog,pg_index,pg_index_indrelid_index,10769,32686,32686,218,13238
1416444056.79435,pg_catalog,pg_opfamily,pg_opfamily_oid_index,0,0,0,0,0
1416444056.79435,pg_catalog,pg_opfamily,pg_opfamily_am_name_nsp_index,0,0,0,0,0
1416444056.79435,pg_catalog,pg_opclass,pg_opclass_oid_index,23320,23320,23320,98,28001
1416444056.79435,pg_catalog,pg_opclass,pg_opclass_am_name_nsp_index,7049,293396,293396,266,8789
1416444056.79435,pg_catalog,pg_am,pg_am_oid_index,0,0,0,0,0
1416444056.79435,pg_catalog,pg_am,pg_am_name_index,0,0,0,0,0
1416444056.79435,pg_catalog,pg_amop,pg_amop_oid_index,0,0,0,0,0
1416444056.79435,pg_catalog,pg_amop,pg_amop_opr_fam_index,16586,45671,45671,339,36088
1416444056.79435,pg_catalog,pg_amop,pg_amop_fam_strat_index,21944,21944,21944,284,45842
1416444056.79435,pg_catalog,pg_amproc,pg_amproc_oid_index,0,0,0,0,0
1416444056.79435,pg_catalog,pg_amproc,pg_amproc_fam_proc_index,22663,66555,66555,213,49892
1416444056.79435,pg_catalog,pg_language,pg_language_oid_index,0,0,0,0,0
1416444056.79435,pg_catalog,pg_language,pg_language_name_index,0,0,0,0,0
1416444056.79435,pg_catalog,pg_largeobject_metadata,pg_largeobject_metadata_oid_index,0,0,0,0,0
1416444056.79435,pg_catalog,pg_aggregate,pg_aggregate_fnoid_index,2441,2441,2441,360,3898
1416444056.79435,pg_catalog,pg_rewrite,pg_rewrite_rel_rulename_index,963,885,807,162,1487
1416444056.79435,pg_catalog,pg_rewrite,pg_rewrite_oid_index,234,156,156,108,285
1416444056.79435,pg_catalog,pg_trigger,pg_trigger_oid_index,0,0,0,0,0
1416444056.79435,pg_catalog,pg_trigger,pg_trigger_tgrelid_tgname_index,0,0,0,0,0
1416444056.79435,pg_catalog,pg_trigger,pg_trigger_tgconstraint_index,0,0,0,0,0
1416444056.79435,pg_catalog,pg_event_trigger,pg_event_trigger_oid_index,0,0,0,0,0
1416444056.79435,pg_catalog,pg_event_trigger,pg_event_trigger_evtname_index,301,0,0,73,228
1416444056.79435,pg_catalog,pg_description,pg_description_o_c_o_index,663,0,0,219,1254
1416444056.79435,pg_catalog,pg_cast,pg_cast_source_target_index,154560,36816,36816,105,158936
1416444056.79435,pg_catalog,pg_cast,pg_cast_oid_index,0,0,0,0,0
1416444056.79435,pg_catalog,pg_database,pg_database_oid_index,6209,6208,6208,104,10988
1416444056.79435,pg_catalog,pg_database,pg_database_datname_index,9558,9557,9557,101,14327
1416444056.79435,pg_catalog,pg_namespace,pg_namespace_oid_index,9807,9803,9803,164,10030
1416444056.79435,pg_catalog,pg_namespace,pg_namespace_nspname_index,12942,8284,8284,103,17497
1416444056.79435,pg_catalog,pg_conversion,pg_conversion_oid_index,0,0,0,0,0
1416444056.79435,pg_catalog,pg_conversion,pg_conversion_name_nsp_index,0,0,0,0,0
1416444056.79435,pg_catalog,pg_conversion,pg_conversion_default_index,0,0,0,0,0
1416444056.79435,pg_catalog,pg_db_role_setting,pg_db_role_setting_databaseid_rol_index,19528,0,0,45,19483
1416444056.79435,pg_catalog,pg_tablespace,pg_tablespace_spcname_index,0,0,0,10,10
1416444056.79435,pg_catalog,pg_tablespace,pg_tablespace_oid_index,3300,3300,3300,154,6446
1416444056.79435,pg_catalog,pg_pltemplate,pg_pltemplate_name_index,0,0,0,0,0
1416444056.79435,pg_catalog,pg_auth_members,pg_auth_members_member_role_index,0,0,0,0,0
1416444056.79435,pg_catalog,pg_auth_members,pg_auth_members_role_member_index,0,0,0,0,0
1416444056.79435,pg_catalog,pg_shdepend,pg_shdepend_reference_index,162,162,162,146,174
1416444056.79435,pg_catalog,pg_shdepend,pg_shdepend_depender_index,664,0,0,148,664
1416444056.79435,pg_catalog,pg_shdescription,pg_shdescription_o_c_index,0,0,0,0,0
1416444056.79435,pg_catalog,pg_ts_config,pg_ts_config_oid_index,0,0,0,0,0
1416444056.79435,pg_catalog,pg_ts_config,pg_ts_config_cfgname_index,0,0,0,0,0
1416444056.79435,pg_catalog,pg_ts_config_map,pg_ts_config_map_index,0,0,0,0,0
1416444056.79435,pg_catalog,pg_ts_dict,pg_ts_dict_oid_index,0,0,0,0,0
1416444056.79435,pg_catalog,pg_ts_dict,pg_ts_dict_dictname_index,0,0,0,0,0
1416444056.79435,pg_catalog,pg_ts_parser,pg_ts_parser_oid_index,0,0,0,0,0
1416444056.79435,pg_catalog,pg_ts_parser,pg_ts_parser_prsname_index,0,0,0,0,0
1416444056.79435,pg_catalog,pg_ts_template,pg_ts_template_oid_index,0,0,0,0,0
1416444056.79435,pg_catalog,pg_ts_template,pg_ts_template_tmplname_index,0,0,0,0,0
1416444056.79435,pg_catalog,pg_extension,pg_extension_name_index,0,0,0,0,0
1416444056.79435,pg_catalog,pg_extension,pg_extension_oid_index,0,0,0,0,0
1416444056.79435,pg_catalog,pg_foreign_data_wrapper,pg_foreign_data_wrapper_name_index,0,0,0,0,0
1416444056.79435,pg_catalog,pg_foreign_data_wrapper,pg_foreign_data_wrapper_oid_index,0,0,0,0,0
1416444056.79435,pg_catalog,pg_foreign_server,pg_foreign_server_name_index,0,0,0,0,0
1416444056.79435,pg_catalog,pg_foreign_server,pg_foreign_server_oid_index,0,0,0,0,0
1416444056.79435,pg_catalog,pg_foreign_table,pg_foreign_table_relid_index,0,0,0,0,0
1416444056.79435,pg_catalog,pg_rowsecurity,pg_rowsecurity_polname_relid_index,0,0,0,0,0
1416444056.79435,pg_catalog,pg_rowsecurity,pg_rowsecurity_oid_index,0,0,0,0,0
1416444056.79435,pg_catalog,pg_default_acl,pg_default_acl_oid_index,0,0,0,0,0
1416444056.79435,pg_catalog,pg_default_acl,pg_default_acl_role_nsp_obj_index,628,0,0,65,563
1416444056.79435,pg_catalog,pg_seclabel,pg_seclabel_object_index,663,0,0,71,592
1416444056.79435,pg_catalog,pg_shseclabel,pg_shseclabel_object_index,0,0,0,0,0
1416444056.79435,pg_catalog,pg_collation,pg_collation_oid_index,0,0,0,0,0
1416444056.79435,pg_catalog,pg_collation,pg_collation_name_enc_nsp_index,0,0,0,0,0
1416444056.79435,pg_catalog,pg_range,pg_range_rngtypid_index,1095,0,0,346,1844
1416444056.79435,public,customer,customer_c_nationkey_c_custkey_brin_idx,0,0,0,0,3
1416444056.79435,public,customer,customer_c_phone_idx,0,0,0,4115,0
1416444056.79435,public,customer,pk_customer,0,0,0,4115,0
1416444056.79435,public,customer,customer_c_phone_idx_c_acctbal,0,0,0,3741,0
1416444056.79435,public,customer,customer_c_mktsegment_c_custkey_idx,0,0,0,5778,0
1416444056.79435,pg_toast,pg_toast_12698,pg_toast_12698_index,0,0,0,0,0
1416444056.79435,pg_toast,pg_toast_12703,pg_toast_12703_index,0,0,0,0,0
1416444056.79435,pg_toast,pg_toast_12708,pg_toast_12708_index,0,0,0,0,0
1416444056.79435,pg_toast,pg_toast_12713,pg_toast_12713_index,0,0,0,0,0
1416444056.79435,pg_toast,pg_toast_12718,pg_toast_12718_index,0,0,0,0,0
1416444056.79435,pg_toast,pg_toast_12723,pg_toast_12723_index,0,0,0,0,0
1416444056.79435,pg_catalog,pg_class,pg_class_tblspc_relfilenode_index,0,0,0,246,959
1416444056.79435,pg_catalog,pg_class,pg_class_relname_nsp_index,17688,9262,9079,430,40218
1416444056.79435,pg_catalog,pg_class,pg_class_oid_index,99304,99004,98623,301,203953
1416444056.79435,public,orders,orders_o_orderdate_o_orderkey_brin_idx,0,0,0,0,12
1416444056.79435,public,orders,pk_orders,0,0,0,41130,0
1416444056.79435,public,orders,orders_o_orderkey_o_orderdate_brin_idx,0,0,0,0,12
1416444056.79435,pg_catalog,pg_operator,pg_operator_oprname_l_r_n_index,16328,165091,165091,392,35693
1416444056.79435,pg_catalog,pg_operator,pg_operator_oid_index,18983,18983,18983,321,41057
1416444056.79435,pg_catalog,pg_enum,pg_enum_typid_sortorder_index,0,0,0,0,0
1416444056.79435,pg_catalog,pg_enum,pg_enum_typid_label_index,0,0,0,0,0
1416444056.79435,pg_catalog,pg_enum,pg_enum_oid_index,0,0,0,0,0
1416444056.79435,pg_catalog,pg_depend,pg_depend_reference_index,5004,5412,4586,1043,11668
1416444056.79435,pg_catalog,pg_depend,pg_depend_depender_index,1402,2250,2250,535,4968
1416444056.79435,pg_toast,pg_toast_12693,pg_toast_12693_index,0,0,0,0,0
1416444056.79435,public,supplier,supplier_s_nationkey_s_suppkey_brin_idx,0,0,0,0,3
1416444056.79435,public,supplier,supplier_s_suppkey_idx_like,0,0,0,1,0
1416444056.79435,public,supplier,pk_supplier,0,0,0,275,0
1416444056.79435,public,part,pk_part,0,0,0,5486,0
1416444056.79435,public,part,part_p_size_brin_idx,0,0,0,0,3
1416444056.79435,public,part,part_p_name_idx,0,0,0,13604,0
1416444056.79435,public,part,part_p_type_p_partkey_idx,0,0,0,11519,0
1416444056.79435,public,part,part_p_container_p_brand_p_partkey_idx,0,0,0,12144,0
1416444056.79435,public,nation,pk_nation,0,0,0,1,0
1416444116.79827,pg_catalog,pg_statistic,pg_statistic_relid_att_inh_index,24756,23634,23627,277,53779
1416444116.79827,pg_catalog,pg_type,pg_type_typname_nsp_index,2867,2226,2051,733,6963
1416444116.79827,pg_catalog,pg_type,pg_type_oid_index,106940,106630,106630,250,218964
1416444116.79827,pg_toast,pg_toast_2619,pg_toast_2619_index,16819,57671,57671,230,19702
1416444116.79827,pg_toast,pg_toast_1255,pg_toast_1255_index,0,0,0,0,0
1416444116.79827,pg_toast,pg_toast_2604,pg_toast_2604_index,0,0,0,0,0
1416444116.79827,pg_toast,pg_toast_2606,pg_toast_2606_index,0,0,0,0,0
1416444116.79827,pg_toast,pg_toast_2618,pg_toast_2618_index,531,1694,1694,98,760
1416444116.79827,pg_toast,pg_toast_2620,pg_toast_2620_index,0,0,0,0,0
1416444116.79827,pg_toast,pg_toast_2609,pg_toast_2609_index,0,0,0,0,0
1416444116.79827,pg_toast,pg_toast_2964,pg_toast_2964_index,0,0,0,0,0
1416444116.79827,pg_toast,pg_toast_2396,pg_toast_2396_index,0,0,0,0,0
1416444116.79827,pg_toast,pg_toast_3596,pg_toast_3596_index,0,0,0,0,0
1416444116.79827,public,partsupp,partsupp_ps_suppkey_idx,0,0,0,0,6
1416444116.79827,public,partsupp,pk_partsupp,0,0,0,21936,0
1416444116.79827,public,region,pk_region,0,0,0,1,0
1416444116.79827,pg_catalog,pg_authid,pg_authid_oid_index,4713,4713,4713,108,9318
1416444116.79827,pg_catalog,pg_authid,pg_authid_rolname_index,4686,4686,4686,108,9264
1416444116.79827,pg_catalog,pg_largeobject,pg_largeobject_loid_pn_index,0,0,0,0,0
1416444116.79827,pg_catalog,pg_user_mapping,pg_user_mapping_user_server_index,0,0,0,0,0
1416444116.79827,pg_catalog,pg_user_mapping,pg_user_mapping_oid_index,0,0,0,0,0
1416444116.79827,pg_catalog,pg_attribute,pg_attribute_relid_attnum_index,94504,212715,212572,615,196167
1416444116.79827,pg_catalog,pg_attribute,pg_attribute_relid_attnam_index,193,193,193,231,2845
1416444116.79827,pg_catalog,pg_proc,pg_proc_proname_args_nsp_index,5617,25385,25385,914,14646
1416444116.79827,pg_catalog,pg_proc,pg_proc_oid_index,34934,34934,34934,625,73688
1416444116.79827,pg_catalog,pg_attrdef,pg_attrdef_oid_index,0,0,0,0,0
1416444116.79827,pg_catalog,pg_attrdef,pg_attrdef_adrelid_adnum_index,0,0,0,0,0
1416444116.79827,pg_catalog,pg_constraint,pg_constraint_oid_index,55,24,24,8,133
1416444116.79827,pg_catalog,pg_constraint,pg_constraint_contypid_index,0,0,0,8,54
1416444116.79827,pg_catalog,pg_constraint,pg_constraint_conrelid_index,0,0,0,8,54
1416444116.79827,pg_catalog,pg_constraint,pg_constraint_conname_nsp_index,0,0,0,8,54
1416444116.79827,pg_catalog,pg_inherits,pg_inherits_parent_index,0,0,0,0,0
1416444116.79827,pg_catalog,pg_inherits,pg_inherits_relid_seqno_index,147,0,0,77,70
1416444116.79827,pg_catalog,pg_index,pg_index_indexrelid_index,39136,39323,39136,97,43970
1416444116.79827,pg_catalog,pg_index,pg_index_indrelid_index,10783,32711,32711,218,13256
1416444116.79827,pg_catalog,pg_opfamily,pg_opfamily_oid_index,0,0,0,0,0
1416444116.79827,pg_catalog,pg_opfamily,pg_opfamily_am_name_nsp_index,0,0,0,0,0
1416444116.79827,pg_catalog,pg_opclass,pg_opclass_oid_index,23331,23331,23331,98,28018
1416444116.79827,pg_catalog,pg_opclass,pg_opclass_am_name_nsp_index,7051,293484,293484,266,8793
1416444116.79827,pg_catalog,pg_am,pg_am_oid_index,0,0,0,0,0
1416444116.79827,pg_catalog,pg_am,pg_am_name_index,0,0,0,0,0
1416444116.79827,pg_catalog,pg_amop,pg_amop_oid_index,0,0,0,0,0
1416444116.79827,pg_catalog,pg_amop,pg_amop_opr_fam_index,16595,45694,45694,339,36109
1416444116.79827,pg_catalog,pg_amop,pg_amop_fam_strat_index,21958,21958,21958,284,45873
1416444116.79827,pg_catalog,pg_amproc,pg_amproc_oid_index,0,0,0,0,0
1416444116.79827,pg_catalog,pg_amproc,pg_amproc_fam_proc_index,22676,66577,66577,213,49924
1416444116.79827,pg_catalog,pg_language,pg_language_oid_index,0,0,0,0,0
1416444116.79827,pg_catalog,pg_language,pg_language_name_index,0,0,0,0,0
1416444116.79827,pg_catalog,pg_largeobject_metadata,pg_largeobject_metadata_oid_index,0,0,0,0,0
1416444116.79827,pg_catalog,pg_aggregate,pg_aggregate_fnoid_index,2442,2442,2442,360,3900
1416444116.79827,pg_catalog,pg_rewrite,pg_rewrite_rel_rulename_index,969,891,813,162,1497
1416444116.79827,pg_catalog,pg_rewrite,pg_rewrite_oid_index,234,156,156,108,285
1416444116.79827,pg_catalog,pg_trigger,pg_trigger_oid_index,0,0,0,0,0
1416444116.79827,pg_catalog,pg_trigger,pg_trigger_tgrelid_tgname_index,0,0,0,0,0
1416444116.79827,pg_catalog,pg_trigger,pg_trigger_tgconstraint_index,0,0,0,0,0
1416444116.79827,pg_catalog,pg_event_trigger,pg_event_trigger_oid_index,0,0,0,0,0
1416444116.79827,pg_catalog,pg_event_trigger,pg_event_trigger_evtname_index,301,0,0,73,228
1416444116.79827,pg_catalog,pg_description,pg_description_o_c_o_index,663,0,0,219,1254
1416444116.79827,pg_catalog,pg_cast,pg_cast_source_target_index,154600,36838,36838,105,158980
1416444116.79827,pg_catalog,pg_cast,pg_cast_oid_index,0,0,0,0,0
1416444116.79827,pg_catalog,pg_database,pg_database_oid_index,6225,6224,6224,104,11011
1416444116.79827,pg_catalog,pg_database,pg_database_datname_index,9570,9569,9569,101,14346
1416444116.79827,pg_catalog,pg_namespace,pg_namespace_oid_index,9942,9938,9938,164,10167
1416444116.79827,pg_catalog,pg_namespace,pg_namespace_nspname_index,12954,8292,8292,103,17513
1416444116.79827,pg_catalog,pg_conversion,pg_conversion_oid_index,0,0,0,0,0
1416444116.79827,pg_catalog,pg_conversion,pg_conversion_name_nsp_index,0,0,0,0,0
1416444116.79827,pg_catalog,pg_conversion,pg_conversion_default_index,0,0,0,0,0
1416444116.79827,pg_catalog,pg_db_role_setting,pg_db_role_setting_databaseid_rol_index,19556,0,0,45,19511
1416444116.79827,pg_catalog,pg_tablespace,pg_tablespace_spcname_index,0,0,0,10,10
1416444116.79827,pg_catalog,pg_tablespace,pg_tablespace_oid_index,3305,3305,3305,154,6456
1416444116.79827,pg_catalog,pg_pltemplate,pg_pltemplate_name_index,0,0,0,0,0
1416444116.79827,pg_catalog,pg_auth_members,pg_auth_members_member_role_index,0,0,0,0,0
1416444116.79827,pg_catalog,pg_auth_members,pg_auth_members_role_member_index,0,0,0,0,0
1416444116.79827,pg_catalog,pg_shdepend,pg_shdepend_reference_index,162,162,162,146,174
1416444116.79827,pg_catalog,pg_shdepend,pg_shdepend_depender_index,664,0,0,148,664
1416444116.79827,pg_catalog,pg_shdescription,pg_shdescription_o_c_index,0,0,0,0,0
1416444116.79827,pg_catalog,pg_ts_config,pg_ts_config_oid_index,0,0,0,0,0
1416444116.79827,pg_catalog,pg_ts_config,pg_ts_config_cfgname_index,0,0,0,0,0
1416444116.79827,pg_catalog,pg_ts_config_map,pg_ts_config_map_index,0,0,0,0,0
1416444116.79827,pg_catalog,pg_ts_dict,pg_ts_dict_oid_index,0,0,0,0,0
1416444116.79827,pg_catalog,pg_ts_dict,pg_ts_dict_dictname_index,0,0,0,0,0
1416444116.79827,pg_catalog,pg_ts_parser,pg_ts_parser_oid_index,0,0,0,0,0
1416444116.79827,pg_catalog,pg_ts_parser,pg_ts_parser_prsname_index,0,0,0,0,0
1416444116.79827,pg_catalog,pg_ts_template,pg_ts_template_oid_index,0,0,0,0,0
1416444116.79827,pg_catalog,pg_ts_template,pg_ts_template_tmplname_index,0,0,0,0,0
1416444116.79827,pg_catalog,pg_extension,pg_extension_name_index,0,0,0,0,0
1416444116.79827,pg_catalog,pg_extension,pg_extension_oid_index,0,0,0,0,0
1416444116.79827,pg_catalog,pg_foreign_data_wrapper,pg_foreign_data_wrapper_name_index,0,0,0,0,0
1416444116.79827,pg_catalog,pg_foreign_data_wrapper,pg_foreign_data_wrapper_oid_index,0,0,0,0,0
1416444116.79827,pg_catalog,pg_foreign_server,pg_foreign_server_name_index,0,0,0,0,0
1416444116.79827,pg_catalog,pg_foreign_server,pg_foreign_server_oid_index,0,0,0,0,0
1416444116.79827,pg_catalog,pg_foreign_table,pg_foreign_table_relid_index,0,0,0,0,0
1416444116.79827,pg_catalog,pg_rowsecurity,pg_rowsecurity_polname_relid_index,0,0,0,0,0
1416444116.79827,pg_catalog,pg_rowsecurity,pg_rowsecurity_oid_index,0,0,0,0,0
1416444116.79827,pg_catalog,pg_default_acl,pg_default_acl_oid_index,0,0,0,0,0
1416444116.79827,pg_catalog,pg_default_acl,pg_default_acl_role_nsp_obj_index,628,0,0,65,563
1416444116.79827,pg_catalog,pg_seclabel,pg_seclabel_object_index,663,0,0,71,592
1416444116.79827,pg_catalog,pg_shseclabel,pg_shseclabel_object_index,0,0,0,0,0
1416444116.79827,pg_catalog,pg_collation,pg_collation_oid_index,0,0,0,0,0
1416444116.79827,pg_catalog,pg_collation,pg_collation_name_enc_nsp_index,0,0,0,0,0
1416444116.79827,pg_catalog,pg_range,pg_range_rngtypid_index,1095,0,0,346,1844
1416444116.79827,public,customer,customer_c_nationkey_c_custkey_brin_idx,0,0,0,0,3
1416444116.79827,public,customer,customer_c_phone_idx,0,0,0,4115,0
1416444116.79827,public,customer,pk_customer,0,0,0,4115,0
1416444116.79827,public,customer,customer_c_phone_idx_c_acctbal,0,0,0,3741,0
1416444116.79827,public,customer,customer_c_mktsegment_c_custkey_idx,0,0,0,5778,0
1416444116.79827,pg_toast,pg_toast_12698,pg_toast_12698_index,0,0,0,0,0
1416444116.79827,pg_toast,pg_toast_12703,pg_toast_12703_index,0,0,0,0,0
1416444116.79827,pg_toast,pg_toast_12708,pg_toast_12708_index,0,0,0,0,0
1416444116.79827,pg_toast,pg_toast_12713,pg_toast_12713_index,0,0,0,0,0
1416444116.79827,pg_toast,pg_toast_12718,pg_toast_12718_index,0,0,0,0,0
1416444116.79827,pg_toast,pg_toast_12723,pg_toast_12723_index,0,0,0,0,0
1416444116.79827,pg_catalog,pg_class,pg_class_tblspc_relfilenode_index,0,0,0,246,961
1416444116.79827,pg_catalog,pg_class,pg_class_relname_nsp_index,17694,9268,9085,430,40234
1416444116.79827,pg_catalog,pg_class,pg_class_oid_index,99623,99323,98942,301,204599
1416444116.79827,public,orders,orders_o_orderdate_o_orderkey_brin_idx,0,0,0,0,12
1416444116.79827,public,orders,pk_orders,0,0,0,41130,0
1416444116.79827,public,orders,orders_o_orderkey_o_orderdate_brin_idx,0,0,0,0,12
1416444116.79827,pg_catalog,pg_operator,pg_operator_oprname_l_r_n_index,16330,165093,165093,392,35699
1416444116.79827,pg_catalog,pg_operator,pg_operator_oid_index,18996,18996,18996,321,41087
1416444116.79827,pg_catalog,pg_enum,pg_enum_typid_sortorder_index,0,0,0,0,0
1416444116.79827,pg_catalog,pg_enum,pg_enum_typid_label_index,0,0,0,0,0
1416444116.79827,pg_catalog,pg_enum,pg_enum_oid_index,0,0,0,0,0
1416444116.79827,pg_catalog,pg_depend,pg_depend_reference_index,5004,5412,4586,1043,11668
1416444116.79827,pg_catalog,pg_depend,pg_depend_depender_index,1402,2250,2250,535,4968
1416444116.79827,pg_toast,pg_toast_12693,pg_toast_12693_index,0,0,0,0,0
1416444116.79827,public,supplier,supplier_s_nationkey_s_suppkey_brin_idx,0,0,0,0,3
1416444116.79827,public,supplier,supplier_s_suppkey_idx_like,0,0,0,1,0
1416444116.79827,public,supplier,pk_supplier,0,0,0,275,0
1416444116.79827,public,part,pk_part,0,0,0,5486,0
1416444116.79827,public,part,part_p_size_brin_idx,0,0,0,0,3
1416444116.79827,public,part,part_p_name_idx,0,0,0,13604,0
1416444116.79827,public,part,part_p_type_p_partkey_idx,0,0,0,11519,0
1416444116.79827,public,part,part_p_container_p_brand_p_partkey_idx,0,0,0,12144,0
1416444116.79827,public,nation,pk_nation,0,0,0,1,0
1416444176.79944,pg_catalog,pg_statistic,pg_statistic_relid_att_inh_index,24777,23651,23644,277,53825
1416444176.79944,pg_catalog,pg_type,pg_type_typname_nsp_index,2867,2226,2051,733,6963
1416444176.79944,pg_catalog,pg_type,pg_type_oid_index,107021,106711,106711,250,219131
1416444176.79944,pg_toast,pg_toast_2619,pg_toast_2619_index,16822,57677,57677,230,19708
1416444176.79944,pg_toast,pg_toast_1255,pg_toast_1255_index,0,0,0,0,0
1416444176.79944,pg_toast,pg_toast_2604,pg_toast_2604_index,0,0,0,0,0
1416444176.79944,pg_toast,pg_toast_2606,pg_toast_2606_index,0,0,0,0,0
1416444176.79944,pg_toast,pg_toast_2618,pg_toast_2618_index,535,1708,1708,98,766
1416444176.79944,pg_toast,pg_toast_2620,pg_toast_2620_index,0,0,0,0,0
1416444176.79944,pg_toast,pg_toast_2609,pg_toast_2609_index,0,0,0,0,0
1416444176.79944,pg_toast,pg_toast_2964,pg_toast_2964_index,0,0,0,0,0
1416444176.79944,pg_toast,pg_toast_2396,pg_toast_2396_index,0,0,0,0,0
1416444176.79944,pg_toast,pg_toast_3596,pg_toast_3596_index,0,0,0,0,0
1416444176.79944,public,partsupp,partsupp_ps_suppkey_idx,0,0,0,0,6
1416444176.79944,public,partsupp,pk_partsupp,0,0,0,21936,0
1416444176.79944,public,region,pk_region,0,0,0,1,0
1416444176.79944,pg_catalog,pg_authid,pg_authid_oid_index,4720,4720,4720,108,9332
1416444176.79944,pg_catalog,pg_authid,pg_authid_rolname_index,4693,4693,4693,108,9278
1416444176.79944,pg_catalog,pg_largeobject,pg_largeobject_loid_pn_index,0,0,0,0,0
1416444176.79944,pg_catalog,pg_user_mapping,pg_user_mapping_user_server_index,0,0,0,0,0
1416444176.79944,pg_catalog,pg_user_mapping,pg_user_mapping_oid_index,0,0,0,0,0
1416444176.79944,pg_catalog,pg_attribute,pg_attribute_relid_attnum_index,94697,213041,212898,615,196562
1416444176.79944,pg_catalog,pg_attribute,pg_attribute_relid_attnam_index,193,193,193,231,2845
1416444176.79944,pg_catalog,pg_proc,pg_proc_proname_args_nsp_index,5625,25421,25421,914,14666
1416444176.79944,pg_catalog,pg_proc,pg_proc_oid_index,34998,34998,34998,625,73820
1416444176.79944,pg_catalog,pg_attrdef,pg_attrdef_oid_index,0,0,0,0,0
1416444176.79944,pg_catalog,pg_attrdef,pg_attrdef_adrelid_adnum_index,0,0,0,0,0
1416444176.79944,pg_catalog,pg_constraint,pg_constraint_oid_index,55,24,24,8,133
1416444176.79944,pg_catalog,pg_constraint,pg_constraint_contypid_index,0,0,0,8,54
1416444176.79944,pg_catalog,pg_constraint,pg_constraint_conrelid_index,0,0,0,8,54
1416444176.79944,pg_catalog,pg_constraint,pg_constraint_conname_nsp_index,0,0,0,8,54
1416444176.79944,pg_catalog,pg_inherits,pg_inherits_parent_index,0,0,0,0,0
1416444176.79944,pg_catalog,pg_inherits,pg_inherits_relid_seqno_index,147,0,0,77,70
1416444176.79944,pg_catalog,pg_index,pg_index_indexrelid_index,39164,39351,39164,97,44006
1416444176.79944,pg_catalog,pg_index,pg_index_indrelid_index,10796,32735,32735,218,13273
1416444176.79944,pg_catalog,pg_opfamily,pg_opfamily_oid_index,0,0,0,0,0
1416444176.79944,pg_catalog,pg_opfamily,pg_opfamily_am_name_nsp_index,0,0,0,0,0
1416444176.79944,pg_catalog,pg_opclass,pg_opclass_oid_index,23346,23346,23346,98,28041
1416444176.79944,pg_catalog,pg_opclass,pg_opclass_am_name_nsp_index,7055,293655,293655,266,8800
1416444176.79944,pg_catalog,pg_am,pg_am_oid_index,0,0,0,0,0
1416444176.79944,pg_catalog,pg_am,pg_am_name_index,0,0,0,0,0
1416444176.79944,pg_catalog,pg_amop,pg_amop_oid_index,0,0,0,0,0
1416444176.79944,pg_catalog,pg_amop,pg_amop_opr_fam_index,16605,45719,45719,339,36132
1416444176.79944,pg_catalog,pg_amop,pg_amop_fam_strat_index,21975,21975,21975,284,45910
1416444176.79944,pg_catalog,pg_amproc,pg_amproc_oid_index,0,0,0,0,0
1416444176.79944,pg_catalog,pg_amproc,pg_amproc_fam_proc_index,22693,66605,66605,213,49966
1416444176.79944,pg_catalog,pg_language,pg_language_oid_index,0,0,0,0,0
1416444176.79944,pg_catalog,pg_language,pg_language_name_index,0,0,0,0,0
1416444176.79944,pg_catalog,pg_largeobject_metadata,pg_largeobject_metadata_oid_index,0,0,0,0,0
1416444176.79944,pg_catalog,pg_aggregate,pg_aggregate_fnoid_index,2443,2443,2443,360,3902
1416444176.79944,pg_catalog,pg_rewrite,pg_rewrite_rel_rulename_index,975,897,819,162,1507
1416444176.79944,pg_catalog,pg_rewrite,pg_rewrite_oid_index,234,156,156,108,285
1416444176.79944,pg_catalog,pg_trigger,pg_trigger_oid_index,0,0,0,0,0
1416444176.79944,pg_catalog,pg_trigger,pg_trigger_tgrelid_tgname_index,0,0,0,0,0
1416444176.79944,pg_catalog,pg_trigger,pg_trigger_tgconstraint_index,0,0,0,0,0
1416444176.79944,pg_catalog,pg_event_trigger,pg_event_trigger_oid_index,0,0,0,0,0
1416444176.79944,pg_catalog,pg_event_trigger,pg_event_trigger_evtname_index,301,0,0,73,228
1416444176.79944,pg_catalog,pg_description,pg_description_o_c_o_index,663,0,0,219,1254
1416444176.79944,pg_catalog,pg_cast,pg_cast_source_target_index,154662,36861,36861,105,159046
1416444176.79944,pg_catalog,pg_cast,pg_cast_oid_index,0,0,0,0,0
1416444176.79944,pg_catalog,pg_database,pg_database_oid_index,6241,6240,6240,104,11036
1416444176.79944,pg_catalog,pg_database,pg_database_datname_index,9586,9585,9585,101,14371
1416444176.79944,pg_catalog,pg_namespace,pg_namespace_oid_index,10078,10074,10074,164,10306
1416444176.79944,pg_catalog,pg_namespace,pg_namespace_nspname_index,12968,8301,8301,103,17532
1416444176.79944,pg_catalog,pg_conversion,pg_conversion_oid_index,0,0,0,0,0
1416444176.79944,pg_catalog,pg_conversion,pg_conversion_name_nsp_index,0,0,0,0,0
1416444176.79944,pg_catalog,pg_conversion,pg_conversion_default_index,0,0,0,0,0
1416444176.79944,pg_catalog,pg_db_role_setting,pg_db_role_setting_databaseid_rol_index,19592,0,0,45,19547
1416444176.79944,pg_catalog,pg_tablespace,pg_tablespace_spcname_index,0,0,0,10,10
1416444176.79944,pg_catalog,pg_tablespace,pg_tablespace_oid_index,3310,3310,3310,154,6466
1416444176.79944,pg_catalog,pg_pltemplate,pg_pltemplate_name_index,0,0,0,0,0
1416444176.79944,pg_catalog,pg_auth_members,pg_auth_members_member_role_index,0,0,0,0,0
1416444176.79944,pg_catalog,pg_auth_members,pg_auth_members_role_member_index,0,0,0,0,0
1416444176.79944,pg_catalog,pg_shdepend,pg_shdepend_reference_index,162,162,162,146,174
1416444176.79944,pg_catalog,pg_shdepend,pg_shdepend_depender_index,664,0,0,148,664
1416444176.79944,pg_catalog,pg_shdescription,pg_shdescription_o_c_index,0,0,0,0,0
1416444176.79944,pg_catalog,pg_ts_config,pg_ts_config_oid_index,0,0,0,0,0
1416444176.79944,pg_catalog,pg_ts_config,pg_ts_config_cfgname_index,0,0,0,0,0
1416444176.79944,pg_catalog,pg_ts_config_map,pg_ts_config_map_index,0,0,0,0,0
1416444176.79944,pg_catalog,pg_ts_dict,pg_ts_dict_oid_index,0,0,0,0,0
1416444176.79944,pg_catalog,pg_ts_dict,pg_ts_dict_dictname_index,0,0,0,0,0
1416444176.79944,pg_catalog,pg_ts_parser,pg_ts_parser_oid_index,0,0,0,0,0
1416444176.79944,pg_catalog,pg_ts_parser,pg_ts_parser_prsname_index,0,0,0,0,0
1416444176.79944,pg_catalog,pg_ts_template,pg_ts_template_oid_index,0,0,0,0,0
1416444176.79944,pg_catalog,pg_ts_template,pg_ts_template_tmplname_index,0,0,0,0,0
1416444176.79944,pg_catalog,pg_extension,pg_extension_name_index,0,0,0,0,0
1416444176.79944,pg_catalog,pg_extension,pg_extension_oid_index,0,0,0,0,0
1416444176.79944,pg_catalog,pg_foreign_data_wrapper,pg_foreign_data_wrapper_name_index,0,0,0,0,0
1416444176.79944,pg_catalog,pg_foreign_data_wrapper,pg_foreign_data_wrapper_oid_index,0,0,0,0,0
1416444176.79944,pg_catalog,pg_foreign_server,pg_foreign_server_name_index,0,0,0,0,0
1416444176.79944,pg_catalog,pg_foreign_server,pg_foreign_server_oid_index,0,0,0,0,0
1416444176.79944,pg_catalog,pg_foreign_table,pg_foreign_table_relid_index,0,0,0,0,0
1416444176.79944,pg_catalog,pg_rowsecurity,pg_rowsecurity_polname_relid_index,0,0,0,0,0
1416444176.79944,pg_catalog,pg_rowsecurity,pg_rowsecurity_oid_index,0,0,0,0,0
1416444176.79944,pg_catalog,pg_default_acl,pg_default_acl_oid_index,0,0,0,0,0
1416444176.79944,pg_catalog,pg_default_acl,pg_default_acl_role_nsp_obj_index,628,0,0,65,563
1416444176.79944,pg_catalog,pg_seclabel,pg_seclabel_object_index,663,0,0,71,592
1416444176.79944,pg_catalog,pg_shseclabel,pg_shseclabel_object_index,0,0,0,0,0
1416444176.79944,pg_catalog,pg_collation,pg_collation_oid_index,0,0,0,0,0
1416444176.79944,pg_catalog,pg_collation,pg_collation_name_enc_nsp_index,0,0,0,0,0
1416444176.79944,pg_catalog,pg_range,pg_range_rngtypid_index,1095,0,0,346,1844
1416444176.79944,public,customer,customer_c_nationkey_c_custkey_brin_idx,0,0,0,0,3
1416444176.79944,public,customer,customer_c_phone_idx,0,0,0,4115,0
1416444176.79944,public,customer,pk_customer,0,0,0,4115,0
1416444176.79944,public,customer,customer_c_phone_idx_c_acctbal,0,0,0,3741,0
1416444176.79944,public,customer,customer_c_mktsegment_c_custkey_idx,0,0,0,5778,0
1416444176.79944,pg_toast,pg_toast_12698,pg_toast_12698_index,0,0,0,0,0
1416444176.79944,pg_toast,pg_toast_12703,pg_toast_12703_index,0,0,0,0,0
1416444176.79944,pg_toast,pg_toast_12708,pg_toast_12708_index,0,0,0,0,0
1416444176.79944,pg_toast,pg_toast_12713,pg_toast_12713_index,0,0,0,0,0
1416444176.79944,pg_toast,pg_toast_12718,pg_toast_12718_index,0,0,0,0,0
1416444176.79944,pg_toast,pg_toast_12723,pg_toast_12723_index,0,0,0,0,0
1416444176.79944,pg_catalog,pg_class,pg_class_tblspc_relfilenode_index,0,0,0,246,964
1416444176.79944,pg_catalog,pg_class,pg_class_relname_nsp_index,17703,9276,9093,430,40257
1416444176.79944,pg_catalog,pg_class,pg_class_oid_index,99949,99649,99268,301,205261
1416444176.79944,public,orders,orders_o_orderdate_o_orderkey_brin_idx,0,0,0,0,12
1416444176.79944,public,orders,pk_orders,0,0,0,41130,0
1416444176.79944,public,orders,orders_o_orderkey_o_orderdate_brin_idx,0,0,0,0,12
1416444176.79944,pg_catalog,pg_operator,pg_operator_oprname_l_r_n_index,16333,165096,165096,392,35708
1416444176.79944,pg_catalog,pg_operator,pg_operator_oid_index,19009,19009,19009,321,41117
1416444176.79944,pg_catalog,pg_enum,pg_enum_typid_sortorder_index,0,0,0,0,0
1416444176.79944,pg_catalog,pg_enum,pg_enum_typid_label_index,0,0,0,0,0
1416444176.79944,pg_catalog,pg_enum,pg_enum_oid_index,0,0,0,0,0
1416444176.79944,pg_catalog,pg_depend,pg_depend_reference_index,5004,5412,4586,1043,11668
1416444176.79944,pg_catalog,pg_depend,pg_depend_depender_index,1402,2250,2250,535,4968
1416444176.79944,pg_toast,pg_toast_12693,pg_toast_12693_index,0,0,0,0,0
1416444176.79944,public,supplier,supplier_s_nationkey_s_suppkey_brin_idx,0,0,0,0,3
1416444176.79944,public,supplier,supplier_s_suppkey_idx_like,0,0,0,1,0
1416444176.79944,public,supplier,pk_supplier,0,0,0,275,0
1416444176.79944,public,part,pk_part,0,0,0,5486,0
1416444176.79944,public,part,part_p_size_brin_idx,0,0,0,0,3
1416444176.79944,public,part,part_p_name_idx,0,0,0,13604,0
1416444176.79944,public,part,part_p_type_p_partkey_idx,0,0,0,11519,0
1416444176.79944,public,part,part_p_container_p_brand_p_partkey_idx,0,0,0,12144,0
1416444176.79944,public,nation,pk_nation,0,0,0,1,0
1416444236.80283,pg_catalog,pg_statistic,pg_statistic_relid_att_inh_index,24806,23672,23665,277,53889
1416444236.80283,pg_catalog,pg_type,pg_type_typname_nsp_index,2867,2226,2051,733,6963
1416444236.80283,pg_catalog,pg_type,pg_type_oid_index,107131,106821,106821,250,219358
1416444236.80283,pg_toast,pg_toast_2619,pg_toast_2619_index,16825,57683,57683,230,19714
1416444236.80283,pg_toast,pg_toast_1255,pg_toast_1255_index,0,0,0,0,0
1416444236.80283,pg_toast,pg_toast_2604,pg_toast_2604_index,0,0,0,0,0
1416444236.80283,pg_toast,pg_toast_2606,pg_toast_2606_index,0,0,0,0,0
1416444236.80283,pg_toast,pg_toast_2618,pg_toast_2618_index,541,1726,1726,98,776
1416444236.80283,pg_toast,pg_toast_2620,pg_toast_2620_index,0,0,0,0,0
1416444236.80283,pg_toast,pg_toast_2609,pg_toast_2609_index,0,0,0,0,0
1416444236.80283,pg_toast,pg_toast_2964,pg_toast_2964_index,0,0,0,0,0
1416444236.80283,pg_toast,pg_toast_2396,pg_toast_2396_index,0,0,0,0,0
1416444236.80283,pg_toast,pg_toast_3596,pg_toast_3596_index,0,0,0,0,0
1416444236.80283,public,partsupp,partsupp_ps_suppkey_idx,0,0,0,0,6
1416444236.80283,public,partsupp,pk_partsupp,0,0,0,21936,0
1416444236.80283,public,region,pk_region,0,0,0,1,0
1416444236.80283,pg_catalog,pg_authid,pg_authid_oid_index,4731,4731,4731,108,9354
1416444236.80283,pg_catalog,pg_authid,pg_authid_rolname_index,4704,4704,4704,108,9300
1416444236.80283,pg_catalog,pg_largeobject,pg_largeobject_loid_pn_index,0,0,0,0,0
1416444236.80283,pg_catalog,pg_user_mapping,pg_user_mapping_user_server_index,0,0,0,0,0
1416444236.80283,pg_catalog,pg_user_mapping,pg_user_mapping_oid_index,0,0,0,0,0
1416444236.80283,pg_catalog,pg_attribute,pg_attribute_relid_attnum_index,94941,213497,213354,615,197072
1416444236.80283,pg_catalog,pg_attribute,pg_attribute_relid_attnam_index,195,195,195,231,2854
1416444236.80283,pg_catalog,pg_proc,pg_proc_proname_args_nsp_index,5637,25475,25475,914,14696
1416444236.80283,pg_catalog,pg_proc,pg_proc_oid_index,35070,35070,35070,625,73970
1416444236.80283,pg_catalog,pg_attrdef,pg_attrdef_oid_index,0,0,0,0,0
1416444236.80283,pg_catalog,pg_attrdef,pg_attrdef_adrelid_adnum_index,0,0,0,0,0
1416444236.80283,pg_catalog,pg_constraint,pg_constraint_oid_index,55,24,24,8,133
1416444236.80283,pg_catalog,pg_constraint,pg_constraint_contypid_index,0,0,0,8,54
1416444236.80283,pg_catalog,pg_constraint,pg_constraint_conrelid_index,0,0,0,8,54
1416444236.80283,pg_catalog,pg_constraint,pg_constraint_conname_nsp_index,0,0,0,8,54
1416444236.80283,pg_catalog,pg_inherits,pg_inherits_parent_index,0,0,0,0,0
1416444236.80283,pg_catalog,pg_inherits,pg_inherits_relid_seqno_index,147,0,0,77,70
1416444236.80283,pg_catalog,pg_index,pg_index_indexrelid_index,39205,39392,39205,97,44060
1416444236.80283,pg_catalog,pg_index,pg_index_indrelid_index,10819,32778,32778,218,13304
1416444236.80283,pg_catalog,pg_opfamily,pg_opfamily_oid_index,0,0,0,0,0
1416444236.80283,pg_catalog,pg_opfamily,pg_opfamily_am_name_nsp_index,0,0,0,0,0
1416444236.80283,pg_catalog,pg_opclass,pg_opclass_oid_index,23371,23371,23371,98,28078
1416444236.80283,pg_catalog,pg_opclass,pg_opclass_am_name_nsp_index,7061,293914,293914,266,8810
1416444236.80283,pg_catalog,pg_am,pg_am_oid_index,0,0,0,0,0
1416444236.80283,pg_catalog,pg_am,pg_am_name_index,0,0,0,0,0
1416444236.80283,pg_catalog,pg_amop,pg_amop_oid_index,0,0,0,0,0
1416444236.80283,pg_catalog,pg_amop,pg_amop_opr_fam_index,16619,45756,45756,339,36165
1416444236.80283,pg_catalog,pg_amop,pg_amop_fam_strat_index,22000,22000,22000,284,45965
1416444236.80283,pg_catalog,pg_amproc,pg_amproc_oid_index,0,0,0,0,0
1416444236.80283,pg_catalog,pg_amproc,pg_amproc_fam_proc_index,22720,66651,66651,213,50032
1416444236.80283,pg_catalog,pg_language,pg_language_oid_index,0,0,0,0,0
1416444236.80283,pg_catalog,pg_language,pg_language_name_index,0,0,0,0,0
1416444236.80283,pg_catalog,pg_largeobject_metadata,pg_largeobject_metadata_oid_index,0,0,0,0,0
1416444236.80283,pg_catalog,pg_aggregate,pg_aggregate_fnoid_index,2444,2444,2444,360,3904
1416444236.80283,pg_catalog,pg_rewrite,pg_rewrite_rel_rulename_index,983,905,827,162,1521
1416444236.80283,pg_catalog,pg_rewrite,pg_rewrite_oid_index,234,156,156,108,285
1416444236.80283,pg_catalog,pg_trigger,pg_trigger_oid_index,0,0,0,0,0
1416444236.80283,pg_catalog,pg_trigger,pg_trigger_tgrelid_tgname_index,0,0,0,0,0
1416444236.80283,pg_catalog,pg_trigger,pg_trigger_tgconstraint_index,0,0,0,0,0
1416444236.80283,pg_catalog,pg_event_trigger,pg_event_trigger_oid_index,0,0,0,0,0
1416444236.80283,pg_catalog,pg_event_trigger,pg_event_trigger_evtname_index,302,0,0,73,229
1416444236.80283,pg_catalog,pg_description,pg_description_o_c_o_index,663,0,0,219,1254
1416444236.80283,pg_catalog,pg_cast,pg_cast_source_target_index,154760,36901,36901,105,159151
1416444236.80283,pg_catalog,pg_cast,pg_cast_oid_index,0,0,0,0,0
1416444236.80283,pg_catalog,pg_database,pg_database_oid_index,6265,6264,6264,104,11073
1416444236.80283,pg_catalog,pg_database,pg_database_datname_index,9610,9609,9609,101,14408
1416444236.80283,pg_catalog,pg_namespace,pg_namespace_oid_index,10214,10210,10210,164,10445
1416444236.80283,pg_catalog,pg_namespace,pg_namespace_nspname_index,12988,8314,8314,103,17559
1416444236.80283,pg_catalog,pg_conversion,pg_conversion_oid_index,0,0,0,0,0
1416444236.80283,pg_catalog,pg_conversion,pg_conversion_name_nsp_index,0,0,0,0,0
1416444236.80283,pg_catalog,pg_conversion,pg_conversion_default_index,0,0,0,0,0
1416444236.80283,pg_catalog,pg_db_role_setting,pg_db_role_setting_databaseid_rol_index,19644,0,0,45,19599
1416444236.80283,pg_catalog,pg_tablespace,pg_tablespace_spcname_index,0,0,0,10,10
1416444236.80283,pg_catalog,pg_tablespace,pg_tablespace_oid_index,3315,3315,3315,154,6476
1416444236.80283,pg_catalog,pg_pltemplate,pg_pltemplate_name_index,0,0,0,0,0
1416444236.80283,pg_catalog,pg_auth_members,pg_auth_members_member_role_index,0,0,0,0,0
1416444236.80283,pg_catalog,pg_auth_members,pg_auth_members_role_member_index,0,0,0,0,0
1416444236.80283,pg_catalog,pg_shdepend,pg_shdepend_reference_index,162,162,162,146,174
1416444236.80283,pg_catalog,pg_shdepend,pg_shdepend_depender_index,664,0,0,148,664
1416444236.80283,pg_catalog,pg_shdescription,pg_shdescription_o_c_index,0,0,0,0,0
1416444236.80283,pg_catalog,pg_ts_config,pg_ts_config_oid_index,0,0,0,0,0
1416444236.80283,pg_catalog,pg_ts_config,pg_ts_config_cfgname_index,0,0,0,0,0
1416444236.80283,pg_catalog,pg_ts_config_map,pg_ts_config_map_index,0,0,0,0,0
1416444236.80283,pg_catalog,pg_ts_dict,pg_ts_dict_oid_index,0,0,0,0,0
1416444236.80283,pg_catalog,pg_ts_dict,pg_ts_dict_dictname_index,0,0,0,0,0
1416444236.80283,pg_catalog,pg_ts_parser,pg_ts_parser_oid_index,0,0,0,0,0
1416444236.80283,pg_catalog,pg_ts_parser,pg_ts_parser_prsname_index,0,0,0,0,0
1416444236.80283,pg_catalog,pg_ts_template,pg_ts_template_oid_index,0,0,0,0,0
1416444236.80283,pg_catalog,pg_ts_template,pg_ts_template_tmplname_index,0,0,0,0,0
1416444236.80283,pg_catalog,pg_extension,pg_extension_name_index,0,0,0,0,0
1416444236.80283,pg_catalog,pg_extension,pg_extension_oid_index,0,0,0,0,0
1416444236.80283,pg_catalog,pg_foreign_data_wrapper,pg_foreign_data_wrapper_name_index,0,0,0,0,0
1416444236.80283,pg_catalog,pg_foreign_data_wrapper,pg_foreign_data_wrapper_oid_index,0,0,0,0,0
1416444236.80283,pg_catalog,pg_foreign_server,pg_foreign_server_name_index,0,0,0,0,0
1416444236.80283,pg_catalog,pg_foreign_server,pg_foreign_server_oid_index,0,0,0,0,0
1416444236.80283,pg_catalog,pg_foreign_table,pg_foreign_table_relid_index,0,0,0,0,0
1416444236.80283,pg_catalog,pg_rowsecurity,pg_rowsecurity_polname_relid_index,0,0,0,0,0
1416444236.80283,pg_catalog,pg_rowsecurity,pg_rowsecurity_oid_index,0,0,0,0,0
1416444236.80283,pg_catalog,pg_default_acl,pg_default_acl_oid_index,0,0,0,0,0
1416444236.80283,pg_catalog,pg_default_acl,pg_default_acl_role_nsp_obj_index,628,0,0,65,563
1416444236.80283,pg_catalog,pg_seclabel,pg_seclabel_object_index,663,0,0,71,592
1416444236.80283,pg_catalog,pg_shseclabel,pg_shseclabel_object_index,0,0,0,0,0
1416444236.80283,pg_catalog,pg_collation,pg_collation_oid_index,0,0,0,0,0
1416444236.80283,pg_catalog,pg_collation,pg_collation_name_enc_nsp_index,0,0,0,0,0
1416444236.80283,pg_catalog,pg_range,pg_range_rngtypid_index,1095,0,0,346,1844
1416444236.80283,public,customer,customer_c_nationkey_c_custkey_brin_idx,0,0,0,0,3
1416444236.80283,public,customer,customer_c_phone_idx,0,0,0,4115,0
1416444236.80283,public,customer,pk_customer,0,0,0,4115,0
1416444236.80283,public,customer,customer_c_phone_idx_c_acctbal,0,0,0,3741,0
1416444236.80283,public,customer,customer_c_mktsegment_c_custkey_idx,0,0,0,5778,0
1416444236.80283,pg_toast,pg_toast_12698,pg_toast_12698_index,0,0,0,0,0
1416444236.80283,pg_toast,pg_toast_12703,pg_toast_12703_index,0,0,0,0,0
1416444236.80283,pg_toast,pg_toast_12708,pg_toast_12708_index,0,0,0,0,0
1416444236.80283,pg_toast,pg_toast_12713,pg_toast_12713_index,0,0,0,0,0
1416444236.80283,pg_toast,pg_toast_12718,pg_toast_12718_index,0,0,0,0,0
1416444236.80283,pg_toast,pg_toast_12723,pg_toast_12723_index,0,0,0,0,0
1416444236.80283,pg_catalog,pg_class,pg_class_tblspc_relfilenode_index,0,0,0,246,970
1416444236.80283,pg_catalog,pg_class,pg_class_relname_nsp_index,17715,9287,9103,430,40290
1416444236.80283,pg_catalog,pg_class,pg_class_oid_index,100307,100006,99625,301,205993
1416444236.80283,public,orders,orders_o_orderdate_o_orderkey_brin_idx,0,0,0,0,12
1416444236.80283,public,orders,pk_orders,0,0,0,41130,0
1416444236.80283,public,orders,orders_o_orderkey_o_orderdate_brin_idx,0,0,0,0,12
1416444236.80283,pg_catalog,pg_operator,pg_operator_oprname_l_r_n_index,16336,165099,165099,392,35717
1416444236.80283,pg_catalog,pg_operator,pg_operator_oid_index,19024,19024,19024,321,41153
1416444236.80283,pg_catalog,pg_enum,pg_enum_typid_sortorder_index,0,0,0,0,0
1416444236.80283,pg_catalog,pg_enum,pg_enum_typid_label_index,0,0,0,0,0
1416444236.80283,pg_catalog,pg_enum,pg_enum_oid_index,0,0,0,0,0
1416444236.80283,pg_catalog,pg_depend,pg_depend_reference_index,5008,5416,4590,1043,11681
1416444236.80283,pg_catalog,pg_depend,pg_depend_depender_index,1402,2250,2250,535,4973
1416444236.80283,pg_toast,pg_toast_12693,pg_toast_12693_index,0,0,0,0,0
1416444236.80283,public,supplier,supplier_s_nationkey_s_suppkey_brin_idx,0,0,0,0,3
1416444236.80283,public,supplier,supplier_s_suppkey_idx_like,0,0,0,1,0
1416444236.80283,public,supplier,pk_supplier,0,0,0,275,0
1416444236.80283,public,lineitem,lineitem_l_partkey_l_quantity_idx,0,0,0,0,0
1416444236.80283,public,part,pk_part,0,0,0,5486,0
1416444236.80283,public,part,part_p_size_brin_idx,0,0,0,0,3
1416444236.80283,public,part,part_p_name_idx,0,0,0,13604,0
1416444236.80283,public,part,part_p_type_p_partkey_idx,0,0,0,11519,0
1416444236.80283,public,part,part_p_container_p_brand_p_partkey_idx,0,0,0,12144,0
1416444236.80283,public,nation,pk_nation,0,0,0,1,0
1416444296.80273,pg_catalog,pg_statistic,pg_statistic_relid_att_inh_index,24827,23689,23682,277,53935
1416444296.80273,pg_catalog,pg_type,pg_type_typname_nsp_index,2867,2226,2051,733,6963
1416444296.80273,pg_catalog,pg_type,pg_type_oid_index,107209,106899,106899,250,219520
1416444296.80273,pg_toast,pg_toast_2619,pg_toast_2619_index,16828,57689,57689,230,19720
1416444296.80273,pg_toast,pg_toast_1255,pg_toast_1255_index,0,0,0,0,0
1416444296.80273,pg_toast,pg_toast_2604,pg_toast_2604_index,0,0,0,0,0
1416444296.80273,pg_toast,pg_toast_2606,pg_toast_2606_index,0,0,0,0,0
1416444296.80273,pg_toast,pg_toast_2618,pg_toast_2618_index,545,1740,1740,98,782
1416444296.80273,pg_toast,pg_toast_2620,pg_toast_2620_index,0,0,0,0,0
1416444296.80273,pg_toast,pg_toast_2609,pg_toast_2609_index,0,0,0,0,0
1416444296.80273,pg_toast,pg_toast_2964,pg_toast_2964_index,0,0,0,0,0
1416444296.80273,pg_toast,pg_toast_2396,pg_toast_2396_index,0,0,0,0,0
1416444296.80273,pg_toast,pg_toast_3596,pg_toast_3596_index,0,0,0,0,0
1416444296.80273,public,partsupp,partsupp_ps_suppkey_idx,0,0,0,0,6
1416444296.80273,public,partsupp,pk_partsupp,0,0,0,21936,0
1416444296.80273,public,region,pk_region,0,0,0,1,0
1416444296.80273,pg_catalog,pg_authid,pg_authid_oid_index,4736,4736,4736,108,9364
1416444296.80273,pg_catalog,pg_authid,pg_authid_rolname_index,4709,4709,4709,108,9310
1416444296.80273,pg_catalog,pg_largeobject,pg_largeobject_loid_pn_index,0,0,0,0,0
1416444296.80273,pg_catalog,pg_user_mapping,pg_user_mapping_user_server_index,0,0,0,0,0
1416444296.80273,pg_catalog,pg_user_mapping,pg_user_mapping_oid_index,0,0,0,0,0
1416444296.80273,pg_catalog,pg_attribute,pg_attribute_relid_attnum_index,95152,213934,213791,615,197512
1416444296.80273,pg_catalog,pg_attribute,pg_attribute_relid_attnam_index,198,198,198,231,2868
1416444296.80273,pg_catalog,pg_proc,pg_proc_proname_args_nsp_index,5645,25511,25511,914,14716
1416444296.80273,pg_catalog,pg_proc,pg_proc_oid_index,35134,35134,35134,625,74102
1416444296.80273,pg_catalog,pg_attrdef,pg_attrdef_oid_index,0,0,0,0,0
1416444296.80273,pg_catalog,pg_attrdef,pg_attrdef_adrelid_adnum_index,0,0,0,0,0
1416444296.80273,pg_catalog,pg_constraint,pg_constraint_oid_index,56,24,24,8,136
1416444296.80273,pg_catalog,pg_constraint,pg_constraint_contypid_index,0,0,0,8,56
1416444296.80273,pg_catalog,pg_constraint,pg_constraint_conrelid_index,0,0,0,8,56
1416444296.80273,pg_catalog,pg_constraint,pg_constraint_conname_nsp_index,0,0,0,8,56
1416444296.80273,pg_catalog,pg_inherits,pg_inherits_parent_index,0,0,0,0,0
1416444296.80273,pg_catalog,pg_inherits,pg_inherits_relid_seqno_index,147,0,0,77,70
1416444296.80273,pg_catalog,pg_index,pg_index_indexrelid_index,39245,39432,39245,97,44108
1416444296.80273,pg_catalog,pg_index,pg_index_indrelid_index,10842,32825,32825,218,13335
1416444296.80273,pg_catalog,pg_opfamily,pg_opfamily_oid_index,0,0,0,0,0
1416444296.80273,pg_catalog,pg_opfamily,pg_opfamily_am_name_nsp_index,0,0,0,0,0
1416444296.80273,pg_catalog,pg_opclass,pg_opclass_oid_index,23390,23390,23390,98,28103
1416444296.80273,pg_catalog,pg_opclass,pg_opclass_am_name_nsp_index,7068,294200,294200,266,8822
1416444296.80273,pg_catalog,pg_am,pg_am_oid_index,0,0,0,0,0
1416444296.80273,pg_catalog,pg_am,pg_am_name_index,0,0,0,0,0
1416444296.80273,pg_catalog,pg_amop,pg_amop_oid_index,0,0,0,0,0
1416444296.80273,pg_catalog,pg_amop,pg_amop_opr_fam_index,16629,45781,45781,339,36188
1416444296.80273,pg_catalog,pg_amop,pg_amop_fam_strat_index,22017,22017,22017,284,46002
1416444296.80273,pg_catalog,pg_amproc,pg_amproc_oid_index,0,0,0,0,0
1416444296.80273,pg_catalog,pg_amproc,pg_amproc_fam_proc_index,22739,66689,66689,213,50076
1416444296.80273,pg_catalog,pg_language,pg_language_oid_index,0,0,0,0,0
1416444296.80273,pg_catalog,pg_language,pg_language_name_index,0,0,0,0,0
1416444296.80273,pg_catalog,pg_largeobject_metadata,pg_largeobject_metadata_oid_index,0,0,0,0,0
1416444296.80273,pg_catalog,pg_aggregate,pg_aggregate_fnoid_index,2445,2445,2445,360,3906
1416444296.80273,pg_catalog,pg_rewrite,pg_rewrite_rel_rulename_index,989,911,833,162,1531
1416444296.80273,pg_catalog,pg_rewrite,pg_rewrite_oid_index,234,156,156,108,285
1416444296.80273,pg_catalog,pg_trigger,pg_trigger_oid_index,0,0,0,0,0
1416444296.80273,pg_catalog,pg_trigger,pg_trigger_tgrelid_tgname_index,0,0,0,0,0
1416444296.80273,pg_catalog,pg_trigger,pg_trigger_tgconstraint_index,0,0,0,0,0
1416444296.80273,pg_catalog,pg_event_trigger,pg_event_trigger_oid_index,0,0,0,0,0
1416444296.80273,pg_catalog,pg_event_trigger,pg_event_trigger_evtname_index,304,0,0,73,231
1416444296.80273,pg_catalog,pg_description,pg_description_o_c_o_index,663,0,0,219,1254
1416444296.80273,pg_catalog,pg_cast,pg_cast_source_target_index,154845,36937,36937,105,159242
1416444296.80273,pg_catalog,pg_cast,pg_cast_oid_index,0,0,0,0,0
1416444296.80273,pg_catalog,pg_database,pg_database_oid_index,6288,6287,6287,104,11103
1416444296.80273,pg_catalog,pg_database,pg_database_datname_index,9622,9621,9621,101,14427
1416444296.80273,pg_catalog,pg_namespace,pg_namespace_oid_index,10351,10347,10347,164,10585
1416444296.80273,pg_catalog,pg_namespace,pg_namespace_nspname_index,13004,8324,8324,103,17581
1416444296.80273,pg_catalog,pg_conversion,pg_conversion_oid_index,0,0,0,0,0
1416444296.80273,pg_catalog,pg_conversion,pg_conversion_name_nsp_index,0,0,0,0,0
1416444296.80273,pg_catalog,pg_conversion,pg_conversion_default_index,0,0,0,0,0
1416444296.80273,pg_catalog,pg_db_role_setting,pg_db_role_setting_databaseid_rol_index,19672,0,0,45,19627
1416444296.80273,pg_catalog,pg_tablespace,pg_tablespace_spcname_index,0,0,0,10,10
1416444296.80273,pg_catalog,pg_tablespace,pg_tablespace_oid_index,3320,3320,3320,154,6486
1416444296.80273,pg_catalog,pg_pltemplate,pg_pltemplate_name_index,0,0,0,0,0
1416444296.80273,pg_catalog,pg_auth_members,pg_auth_members_member_role_index,0,0,0,0,0
1416444296.80273,pg_catalog,pg_auth_members,pg_auth_members_role_member_index,0,0,0,0,0
1416444296.80273,pg_catalog,pg_shdepend,pg_shdepend_reference_index,162,162,162,146,174
1416444296.80273,pg_catalog,pg_shdepend,pg_shdepend_depender_index,664,0,0,148,664
1416444296.80273,pg_catalog,pg_shdescription,pg_shdescription_o_c_index,0,0,0,0,0
1416444296.80273,pg_catalog,pg_ts_config,pg_ts_config_oid_index,0,0,0,0,0
1416444296.80273,pg_catalog,pg_ts_config,pg_ts_config_cfgname_index,0,0,0,0,0
1416444296.80273,pg_catalog,pg_ts_config_map,pg_ts_config_map_index,0,0,0,0,0
1416444296.80273,pg_catalog,pg_ts_dict,pg_ts_dict_oid_index,0,0,0,0,0
1416444296.80273,pg_catalog,pg_ts_dict,pg_ts_dict_dictname_index,0,0,0,0,0
1416444296.80273,pg_catalog,pg_ts_parser,pg_ts_parser_oid_index,0,0,0,0,0
1416444296.80273,pg_catalog,pg_ts_parser,pg_ts_parser_prsname_index,0,0,0,0,0
1416444296.80273,pg_catalog,pg_ts_template,pg_ts_template_oid_index,0,0,0,0,0
1416444296.80273,pg_catalog,pg_ts_template,pg_ts_template_tmplname_index,0,0,0,0,0
1416444296.80273,pg_catalog,pg_extension,pg_extension_name_index,0,0,0,0,0
1416444296.80273,pg_catalog,pg_extension,pg_extension_oid_index,0,0,0,0,0
1416444296.80273,pg_catalog,pg_foreign_data_wrapper,pg_foreign_data_wrapper_name_index,0,0,0,0,0
1416444296.80273,pg_catalog,pg_foreign_data_wrapper,pg_foreign_data_wrapper_oid_index,0,0,0,0,0
1416444296.80273,pg_catalog,pg_foreign_server,pg_foreign_server_name_index,0,0,0,0,0
1416444296.80273,pg_catalog,pg_foreign_server,pg_foreign_server_oid_index,0,0,0,0,0
1416444296.80273,pg_catalog,pg_foreign_table,pg_foreign_table_relid_index,0,0,0,0,0
1416444296.80273,pg_catalog,pg_rowsecurity,pg_rowsecurity_polname_relid_index,0,0,0,0,0
1416444296.80273,pg_catalog,pg_rowsecurity,pg_rowsecurity_oid_index,0,0,0,0,0
1416444296.80273,pg_catalog,pg_default_acl,pg_default_acl_oid_index,0,0,0,0,0
1416444296.80273,pg_catalog,pg_default_acl,pg_default_acl_role_nsp_obj_index,628,0,0,65,563
1416444296.80273,pg_catalog,pg_seclabel,pg_seclabel_object_index,663,0,0,71,592
1416444296.80273,pg_catalog,pg_shseclabel,pg_shseclabel_object_index,0,0,0,0,0
1416444296.80273,pg_catalog,pg_collation,pg_collation_oid_index,0,0,0,0,0
1416444296.80273,pg_catalog,pg_collation,pg_collation_name_enc_nsp_index,0,0,0,0,0
1416444296.80273,pg_catalog,pg_range,pg_range_rngtypid_index,1095,0,0,346,1844
1416444296.80273,public,customer,customer_c_nationkey_c_custkey_brin_idx,0,0,0,0,3
1416444296.80273,public,customer,customer_c_phone_idx,0,0,0,4115,0
1416444296.80273,public,customer,pk_customer,0,0,0,4115,0
1416444296.80273,public,customer,customer_c_phone_idx_c_acctbal,0,0,0,3741,0
1416444296.80273,public,customer,customer_c_mktsegment_c_custkey_idx,0,0,0,5778,0
1416444296.80273,pg_toast,pg_toast_12698,pg_toast_12698_index,0,0,0,0,0
1416444296.80273,pg_toast,pg_toast_12703,pg_toast_12703_index,0,0,0,0,0
1416444296.80273,pg_toast,pg_toast_12708,pg_toast_12708_index,0,0,0,0,0
1416444296.80273,pg_toast,pg_toast_12713,pg_toast_12713_index,0,0,0,0,0
1416444296.80273,pg_toast,pg_toast_12718,pg_toast_12718_index,0,0,0,0,0
1416444296.80273,pg_toast,pg_toast_12723,pg_toast_12723_index,0,0,0,0,0
1416444296.80273,pg_catalog,pg_class,pg_class_tblspc_relfilenode_index,0,0,0,246,979
1416444296.80273,pg_catalog,pg_class,pg_class_relname_nsp_index,17730,9300,9114,430,40330
1416444296.80273,pg_catalog,pg_class,pg_class_oid_index,100660,100357,99976,301,206711
1416444296.80273,public,orders,orders_o_orderdate_o_orderkey_brin_idx,0,0,0,0,12
1416444296.80273,public,orders,pk_orders,0,0,0,41130,0
1416444296.80273,public,orders,orders_o_orderkey_o_orderdate_brin_idx,0,0,0,0,12
1416444296.80273,pg_catalog,pg_operator,pg_operator_oprname_l_r_n_index,16339,165102,165102,392,35726
1416444296.80273,pg_catalog,pg_operator,pg_operator_oid_index,19037,19037,19037,321,41183
1416444296.80273,pg_catalog,pg_enum,pg_enum_typid_sortorder_index,0,0,0,0,0
1416444296.80273,pg_catalog,pg_enum,pg_enum_typid_label_index,0,0,0,0,0
1416444296.80273,pg_catalog,pg_enum,pg_enum_oid_index,0,0,0,0,0
1416444296.80273,pg_catalog,pg_depend,pg_depend_reference_index,5015,5422,4596,1043,11705
1416444296.80273,pg_catalog,pg_depend,pg_depend_depender_index,1402,2250,2250,535,4983
1416444296.80273,pg_toast,pg_toast_12693,pg_toast_12693_index,0,0,0,0,0
1416444296.80273,public,supplier,supplier_s_nationkey_s_suppkey_brin_idx,0,0,0,0,3
1416444296.80273,public,supplier,supplier_s_suppkey_idx_like,0,0,0,1,0
1416444296.80273,public,supplier,pk_supplier,0,0,0,275,0
1416444296.80273,public,lineitem,pk_lineitem,0,0,0,0,0
1416444296.80273,public,lineitem,lineitem_l_orderkey_brin_idx,0,0,0,0,0
1416444296.80273,public,lineitem,lineitem_l_partkey_l_quantity_idx,0,0,0,0,0
1416444296.80273,public,part,pk_part,0,0,0,5486,0
1416444296.80273,public,part,part_p_size_brin_idx,0,0,0,0,3
1416444296.80273,public,part,part_p_name_idx,0,0,0,13604,0
1416444296.80273,public,part,part_p_type_p_partkey_idx,0,0,0,11519,0
1416444296.80273,public,part,part_p_container_p_brand_p_partkey_idx,0,0,0,12144,0
1416444296.80273,public,nation,pk_nation,0,0,0,1,0
